"","Comparison","SIMPER","OTU","krusk_p.val","fdr_krusk_p.val","Taxonomy","Left mean abund","Left stdev","Right mean abund","Right stdev"
"1","C1yr_B1yr",0.10704789936298,"Otu00001",0.370219406463533,0.509257332484851,"k__Fungi;p__Chytridiomycota;c__Neocallimastigomycetes;o__Neocallimastigales;f__Neocallimastigaceae;g__Caecomyces;s__Caecomyces_communis;","0.15595770299527","0.116262702443229","0.198418259221733","0.0869447135855847"
"2","C1yr_B1yr",0.098541852473859,"Otu00007",0.111960676099699,0.249758431299329,"k__Fungi;p__Chytridiomycota;c__Neocallimastigomycetes;o__Neocallimastigales;f__Neocallimastigaceae;g__Caecomyces;s__Caecomyces_communis;","0.0910251446491425","0.0661883439841704","0.160610208986834","0.113642112176959"
"3","C1yr_B1yr",0.073461464253071,"Otu00002",0.0493003535956828,0.133278074551041,"k__Fungi;p__Chytridiomycota;c__Neocallimastigomycetes;o__Neocallimastigales;f__Neocallimastigaceae;g__Caecomyces;s__Caecomyces_communis;","0.109701933899796","0.0705690743383171","0.158624766795941","0.0546118514296007"
"4","C1yr_B1yr",0.072605769241791,"Otu00008",0.949823066900291,0.971133199811515,"k__Fungi;p__Chytridiomycota;c__Neocallimastigomycetes;o__Neocallimastigales;f__Neocallimastigaceae;g__Orpinomyces;unclassified;","0.0677648719299513","0.12742114534939","0.0337156116118501","0.055185038562809"
"5","C1yr_B1yr",0.044918242689234,"Otu00023",0.422161675724684,0.555363525079974,"k__Fungi;p__Chytridiomycota;c__Neocallimastigomycetes;o__Neocallimastigales;f__Neocallimastigaceae;g__Orpinomyces;unclassified;","0.0410413481477592","0.085495961033353","0.0213827264355026","0.0301212980322401"
"6","C1yr_B1yr",0.040166091658514,"Otu00013",0.509588638893604,0.632524419482722,"k__Fungi;p__Chytridiomycota;c__Neocallimastigomycetes;o__Neocallimastigales;f__Neocallimastigaceae;unclassified;unclassified;","0.0355740649398498","0.0568560039918539","0.0353477116723605","0.0342060279121034"
"7","C1yr_B1yr",0.039140914860289,"Otu00018",1,1,"k__Fungi;p__Chytridiomycota;c__Neocallimastigomycetes;o__Neocallimastigales;f__Neocallimastigaceae;g__Orpinomyces;s__Orpinomyces_sp_2_SSD_2011;","0.0377973824983131","0.0875452309915959","0.0117531010860625","0.0180604182327229"
"8","C1yr_B1yr",0.037935790761124,"Otu00005",0.953472170045263,0.971749591835268,"k__Fungi;p__Chytridiomycota;c__Neocallimastigomycetes;o__Neocallimastigales;f__Neocallimastigaceae;g__Piromyces;s__Piromyces_sp_I_GRL_10;","0.0372101418772049","0.045265455945897","0.0328583080591002","0.0405905601655639"
"9","C1yr_B1yr",0.033505555233151,"Otu00010",0.269510557538439,0.423516590417548,"k__Fungi;p__Chytridiomycota;c__Neocallimastigomycetes;o__Neocallimastigales;f__Neocallimastigaceae;unclassified;unclassified;","0.0297882729709996","0.0294671257912937","0.046927612013663","0.0413852035545996"
"10","C1yr_B1yr",0.024601134107279,"Otu00003",0.384192636776068,0.517120046968632,"k__Fungi;p__Chytridiomycota;c__Neocallimastigomycetes;o__Neocallimastigales;f__Neocallimastigaceae;unclassified;unclassified;","0.02803329073821","0.0307000627544957","0.0332530031753614","0.0170464798342754"
"11","C1yr_B1yr",0.023320433263997,"Otu00004",0.218513526033515,0.399898849483755,"k__Fungi;p__Chytridiomycota;c__Neocallimastigomycetes;o__Neocallimastigales;f__Neocallimastigaceae;g__Caecomyces;s__Caecomyces_communis;","0.020432137354153","0.0287984886605163","0.0267902473919025","0.0228648446402025"
"12","C1yr_B1yr",0.021646082545004,"Otu00022",0.405648836361153,0.542007085841415,"k__Fungi;p__Chytridiomycota;c__Neocallimastigomycetes;o__Neocallimastigales;f__Neocallimastigaceae;g__Orpinomyces;unclassified;","0.0251648023224236","0.0299728643067718","0.0109703933146196","0.0114744738806224"
"13","C1yr_B1yr",0.020042179092906,"Otu00017",0.194313825831614,0.373410303857139,"k__Fungi;unclassified;unclassified;unclassified;unclassified;unclassified;unclassified;","0.0217961361641567","0.0506046480373953","0.00690394692359703","0.0131000750186923"
"14","C1yr_B1yr",0.018380676064826,"Otu00014",0.836444528792496,0.889472276392793,"k__Fungi;p__Chytridiomycota;c__Neocallimastigomycetes;o__Neocallimastigales;f__Neocallimastigaceae;unclassified;unclassified;","0.00909770702736658","0.0153728816150887","0.0162995655360551","0.0315083081419191"
"15","C1yr_B1yr",0.018050473714699,"Otu00009",0.427623256108853,0.559064830732476,"k__Fungi;p__Chytridiomycota;c__Neocallimastigomycetes;o__Neocallimastigales;f__Neocallimastigaceae;g__Cyllamyces;s__Cyllamyces_aberensis;","0.0155543164453785","0.0284726735046691","0.0110039600083735","0.0174861519749729"
"16","C1yr_B1yr",0.0171897345308191,"Otu00016",0.590187608019702,0.702499428948824,"k__Fungi;p__Chytridiomycota;c__Neocallimastigomycetes;o__Neocallimastigales;f__Neocallimastigaceae;g__Piromyces;s__Piromyces_sp_D_GRL_5;","0.0169732673336246","0.0281356432759228","0.00876905207666588","0.00991682436105553"
"17","C1yr_B1yr",0.01715015886302,"Otu00020",0.620935566283215,0.7282295795748,"k__Fungi;p__Chytridiomycota;c__Neocallimastigomycetes;o__Neocallimastigales;f__Neocallimastigaceae;unclassified;unclassified;","0.0180809238095782","0.0209157933012671","0.0180757525973665","0.0148691086594944"
"18","C1yr_B1yr",0.0156825055666859,"Otu00024",0.791435183748703,0.857773494850843,"k__Fungi;p__Chytridiomycota;c__Neocallimastigomycetes;o__Neocallimastigales;f__Neocallimastigaceae;unclassified;unclassified;","0.018499375576555","0.0216986081845143","0.0149804325068353","0.0124358907410968"
"19","C1yr_B1yr",0.015664578337333,"Otu00033",0.351393372607361,0.489495571448682,"k__Fungi;p__Chytridiomycota;c__Neocallimastigomycetes;o__Neocallimastigales;f__Neocallimastigaceae;g__Orpinomyces;unclassified;","0.0119474207779543","0.0211643175960038","0.0132284738801458","0.0186461561226063"
"20","C1yr_B1yr",0.014569495876651,"Otu00015",0.121638680946202,0.263964212393459,"k__Fungi;p__Chytridiomycota;c__Neocallimastigomycetes;o__Neocallimastigales;f__Neocallimastigaceae;g__Piromyces;s__Piromyces_sp_AF_CTS_BTrP2;","0.00574453556214794","0.0125287571484341","0.0149157414807","0.0208809530353711"
"21","C1yr_B1yr",0.0127246336569971,"Otu00006",0.724390927308635,0.81287931894126,"k__Fungi;p__Chytridiomycota;c__Neocallimastigomycetes;o__Neocallimastigales;f__Neocallimastigaceae;unclassified;unclassified;","0.012883026948529","0.0155992276736436","0.0127069096436663","0.0152076012141052"
"22","C1yr_B1yr",0.012505536110337,"Otu00021",1,1,"k__Fungi;p__Chytridiomycota;c__Neocallimastigomycetes;o__Neocallimastigales;f__Neocallimastigaceae;unclassified;unclassified;","0.0134181380034829","0.0131968530773968","0.0142262502989119","0.0141137112131182"
"23","C1yr_B1yr",0.0124716818919659,"Otu00038",0.858875011266785,0.904228147175262,"k__Fungi;p__Chytridiomycota;c__Neocallimastigomycetes;o__Neocallimastigales;f__Neocallimastigaceae;unclassified;unclassified;","0.00418176328502415","0.0131762606989138","0.011284939507718","0.0266269129050027"
"24","C1yr_B1yr",0.012335117918689,"Otu00081",0.317310507862905,0.458018334879035,"k__Fungi;p__Chytridiomycota;c__Neocallimastigomycetes;o__Neocallimastigales;f__Neocallimastigaceae;g__Caecomyces;s__Caecomyces_communis;","0.0138888888888889","0.0481125224324688","0","0"
"25","C1yr_B1yr",0.0110097571791731,"Otu00031",0.890500048750331,0.922303621919986,"k__Fungi;p__Chytridiomycota;c__Neocallimastigomycetes;o__Neocallimastigales;f__Neocallimastigaceae;g__Piromyces;s__Piromyces_sp_AF_CTS_BTrP2;","0.00906330606467344","0.0149391481678172","0.00695814695467075","0.0130791739447733"
"26","C1yr_B1yr",0.0106650692396689,"Otu00012",0.883225041570328,0.922303621919986,"k__Fungi;p__Chytridiomycota;c__Neocallimastigomycetes;o__Neocallimastigales;f__Neocallimastigaceae;g__Caecomyces;unclassified;","0.0120574223415989","0.0128445700764437","0.0101396573242388","0.0100071908269445"
"27","C1yr_B2yr",0.0828781375592504,"Otu00001",0.00441075164319298,0.0192743804681995,"k__Fungi;p__Chytridiomycota;c__Neocallimastigomycetes;o__Neocallimastigales;f__Neocallimastigaceae;g__Caecomyces;s__Caecomyces_communis;","0.15595770299527","0.116262702443229","0.0280226215305528","0.0397318609705678"
"28","C1yr_B2yr",0.0702950320519476,"Otu00017",0.0143490767816456,0.0510805265140809,"k__Fungi;unclassified;unclassified;unclassified;unclassified;unclassified;unclassified;","0.0217961361641567","0.0506046480373953","0.145239699419238","0.118651532851863"
"29","C1yr_B2yr",0.055727877669261,"Otu00002",0.00134085600879887,0.00807043522277056,"k__Fungi;p__Chytridiomycota;c__Neocallimastigomycetes;o__Neocallimastigales;f__Neocallimastigaceae;g__Caecomyces;s__Caecomyces_communis;","0.109701933899796","0.0705690743383171","0.021823339531913","0.0372455819165196"
"30","C1yr_B2yr",0.05265479633679,"Otu00007",0.000204971452478934,0.0027244122225325,"k__Fungi;p__Chytridiomycota;c__Neocallimastigomycetes;o__Neocallimastigales;f__Neocallimastigaceae;g__Caecomyces;s__Caecomyces_communis;","0.0910251446491425","0.0661883439841704","0.00102880658436214","0.00356389055055325"
"31","C1yr_B2yr",0.04215026102667,"Otu00004",0.177460046006847,0.345181430952343,"k__Fungi;p__Chytridiomycota;c__Neocallimastigomycetes;o__Neocallimastigales;f__Neocallimastigaceae;g__Caecomyces;s__Caecomyces_communis;","0.020432137354153","0.0287984886605163","0.0799403488533634","0.10302999141844"
"32","C1yr_B2yr",0.039765970430585,"Otu00008",0.0147316878974779,0.0510805265140809,"k__Fungi;p__Chytridiomycota;c__Neocallimastigomycetes;o__Neocallimastigales;f__Neocallimastigaceae;g__Orpinomyces;unclassified;","0.0677648719299513","0.12742114534939","0","0"
"33","C1yr_B2yr",0.036198827605326,"Otu00003",0.235220141080177,0.399898849483755,"k__Fungi;p__Chytridiomycota;c__Neocallimastigomycetes;o__Neocallimastigales;f__Neocallimastigaceae;unclassified;unclassified;","0.02803329073821","0.0307000627544957","0.0518577253300956","0.108874439759477"
"34","C1yr_B2yr",0.028884120833746,"Otu00018",0.087702824392246,0.213566419703256,"k__Fungi;p__Chytridiomycota;c__Neocallimastigomycetes;o__Neocallimastigales;f__Neocallimastigaceae;g__Orpinomyces;s__Orpinomyces_sp_2_SSD_2011;","0.0377973824983131","0.0875452309915959","0.0176211453744493","0.0610414381522071"
"35","C1yr_B2yr",0.024171220687654,"Otu00023",0.0328692343006587,0.0953207794719104,"k__Fungi;p__Chytridiomycota;c__Neocallimastigomycetes;o__Neocallimastigales;f__Neocallimastigaceae;g__Orpinomyces;unclassified;","0.0410413481477592","0.085495961033353","0","0"
"36","C1yr_B2yr",0.023554594741756,"Otu00005",0.00961117754022257,0.0371980590724586,"k__Fungi;p__Chytridiomycota;c__Neocallimastigomycetes;o__Neocallimastigales;f__Neocallimastigaceae;g__Piromyces;s__Piromyces_sp_I_GRL_10;","0.0372101418772049","0.045265455945897","0.0091776798825257","0.0317924157042745"
"37","C1yr_B2yr",0.020646200740896,"Otu00013",0.00629077997509465,0.0254020102791797,"k__Fungi;p__Chytridiomycota;c__Neocallimastigomycetes;o__Neocallimastigales;f__Neocallimastigaceae;unclassified;unclassified;","0.0355740649398498","0.0568560039918539","0","0"
"38","C1yr_B2yr",0.01688768805889,"Otu00010",0.000598509098137078,0.00502432637646652,"k__Fungi;p__Chytridiomycota;c__Neocallimastigomycetes;o__Neocallimastigales;f__Neocallimastigaceae;unclassified;unclassified;","0.0297882729709996","0.0294671257912937","0.00183553597650514","0.00635848314085491"
"39","C1yr_B2yr",0.016020005494223,"Otu00012",0.070930741291054,0.176772706811299,"k__Fungi;p__Chytridiomycota;c__Neocallimastigomycetes;o__Neocallimastigales;f__Neocallimastigaceae;g__Caecomyces;unclassified;","0.0120574223415989","0.0128445700764437","0.0212797619047619","0.060728143843267"
"40","C1yr_B2yr",0.014724353636314,"Otu00022",0.000956238853324686,0.0062253100859301,"k__Fungi;p__Chytridiomycota;c__Neocallimastigomycetes;o__Neocallimastigales;f__Neocallimastigaceae;g__Orpinomyces;unclassified;","0.0251648023224236","0.0299728643067718","0","0"
"41","C1yr_B2yr",0.014533466546677,"Otu00006",0.231236891949928,0.399898849483755,"k__Fungi;p__Chytridiomycota;c__Neocallimastigomycetes;o__Neocallimastigales;f__Neocallimastigaceae;unclassified;unclassified;","0.012883026948529","0.0155992276736436","0.029785986147765","0.028473534798558"
"42","C1yr_B2yr",0.013906986120099,"Otu00029",0.0706255684331111,0.176772706811299,"k__Fungi;p__Chytridiomycota;c__Neocallimastigomycetes;o__Neocallimastigales;f__Neocallimastigaceae;g__Caecomyces;s__Caecomyces_communis;","0","0","0.0265439837679789","0.0712731230585771"
"43","C1yr_B2yr",0.012293225668766,"Otu00045",0.317310507862905,0.458018334879035,"k__Fungi;unclassified;unclassified;unclassified;unclassified;unclassified;unclassified;","0","0","0.0235247208931419","0.0814920236415979"
"44","C1yr_B2yr",0.011964407695212,"Otu00041",0.0981855220960136,0.226965083685713,"k__Fungi;unclassified;unclassified;unclassified;unclassified;unclassified;unclassified;","0.000759611409673419","0.00177932205486924","0.0233113687567677","0.0366794898308843"
"45","C1yr_B2yr",0.0109703070857641,"Otu00039",0.0146888606884869,0.0510805265140809,"k__Fungi;unclassified;unclassified;unclassified;unclassified;unclassified;unclassified;","0","0","0.0208527768602709","0.0531383675566584"
"46","C1yr_B2yr",0.010736189602815,"Otu00024",0.000104751688559364,0.00194682811470211,"k__Fungi;p__Chytridiomycota;c__Neocallimastigomycetes;o__Neocallimastigales;f__Neocallimastigaceae;unclassified;unclassified;","0.018499375576555","0.0216986081845143","0","0"
"47","C1yr_B2yr",0.0105106370039489,"Otu00020",0.000952764435448593,0.0062253100859301,"k__Fungi;p__Chytridiomycota;c__Neocallimastigomycetes;o__Neocallimastigales;f__Neocallimastigaceae;unclassified;unclassified;","0.0180809238095782","0.0209157933012671","0","0"
"48","C1yr_B2yr",0.010286637977988,"Otu00009",0.17146992053358,0.337647559569211,"k__Fungi;p__Chytridiomycota;c__Neocallimastigomycetes;o__Neocallimastigales;f__Neocallimastigaceae;g__Cyllamyces;s__Cyllamyces_aberensis;","0.0155543164453785","0.0284726735046691","0.00448233353274959","0.0141965534402398"
"49","C1yr_A1yr",0.115170422267461,"Otu00001",0.311794888302895,0.458018334879035,"k__Fungi;p__Chytridiomycota;c__Neocallimastigomycetes;o__Neocallimastigales;f__Neocallimastigaceae;g__Caecomyces;s__Caecomyces_communis;","0.15595770299527","0.116262702443229","0.205809760028356","0.133010936802158"
"50","C1yr_A1yr",0.079894345358833,"Otu00008",0.688244496346697,0.786917542417908,"k__Fungi;p__Chytridiomycota;c__Neocallimastigomycetes;o__Neocallimastigales;f__Neocallimastigaceae;g__Orpinomyces;unclassified;","0.0677648719299513","0.12742114534939","0.0626403805251076","0.0987278502686486"
"51","C1yr_A1yr",0.078129929933653,"Otu00002",0.418518507671489,0.553972630486327,"k__Fungi;p__Chytridiomycota;c__Neocallimastigomycetes;o__Neocallimastigales;f__Neocallimastigaceae;g__Caecomyces;s__Caecomyces_communis;","0.109701933899796","0.0705690743383171","0.135893320863342","0.0947843138930107"
"52","C1yr_A1yr",0.071241646434467,"Otu00007",1,1,"k__Fungi;p__Chytridiomycota;c__Neocallimastigomycetes;o__Neocallimastigales;f__Neocallimastigaceae;g__Caecomyces;s__Caecomyces_communis;","0.0910251446491425","0.0661883439841704","0.105917462204987","0.0965742600908425"
"53","C1yr_A1yr",0.048172948938652,"Otu00018",0.558720828179837,0.675121000717304,"k__Fungi;p__Chytridiomycota;c__Neocallimastigomycetes;o__Neocallimastigales;f__Neocallimastigaceae;g__Orpinomyces;s__Orpinomyces_sp_2_SSD_2011;","0.0377973824983131","0.0875452309915959","0.0315009821355928","0.0878525875508522"
"54","C1yr_A1yr",0.039381481011075,"Otu00023",0.836494303817674,0.889472276392793,"k__Fungi;p__Chytridiomycota;c__Neocallimastigomycetes;o__Neocallimastigales;f__Neocallimastigaceae;g__Orpinomyces;unclassified;","0.0410413481477592","0.085495961033353","0.0174389573803327","0.0339135593011887"
"55","C1yr_A1yr",0.037853893397937,"Otu00013",0.406080543937612,0.542007085841415,"k__Fungi;p__Chytridiomycota;c__Neocallimastigomycetes;o__Neocallimastigales;f__Neocallimastigaceae;unclassified;unclassified;","0.0355740649398498","0.0568560039918539","0.0390770532808858","0.0385006825317836"
"56","C1yr_A1yr",0.0370528406953159,"Otu00017",0.720499263364258,0.81287931894126,"k__Fungi;unclassified;unclassified;unclassified;unclassified;unclassified;unclassified;","0.0217961361641567","0.0506046480373953","0.0388991900110709","0.108467709303938"
"57","C1yr_A1yr",0.028637002734872,"Otu00005",0.457487249848105,0.590843857091278,"k__Fungi;p__Chytridiomycota;c__Neocallimastigomycetes;o__Neocallimastigales;f__Neocallimastigaceae;g__Piromyces;s__Piromyces_sp_I_GRL_10;","0.0372101418772049","0.045265455945897","0.0188253467464543","0.0195926137635925"
"58","C1yr_A1yr",0.027859862508783,"Otu00009",0.795927756977585,0.857773494850843,"k__Fungi;p__Chytridiomycota;c__Neocallimastigomycetes;o__Neocallimastigales;f__Neocallimastigaceae;g__Cyllamyces;s__Cyllamyces_aberensis;","0.0155543164453785","0.0284726735046691","0.0277335102884963","0.0495117204070327"
"59","C1yr_A1yr",0.025344315458439,"Otu00027",0.306348375958486,0.458018334879035,"k__Fungi;p__Chytridiomycota;c__Neocallimastigomycetes;o__Neocallimastigales;f__Neocallimastigaceae;g__Cyllamyces;unclassified;","0.00625","0.021650635094611","0.0267134192023974","0.0896095413719673"
"60","C1yr_A1yr",0.025186829398258,"Otu00022",0.490537204218651,0.618503431406126,"k__Fungi;p__Chytridiomycota;c__Neocallimastigomycetes;o__Neocallimastigales;f__Neocallimastigaceae;g__Orpinomyces;unclassified;","0.0251648023224236","0.0299728643067718","0.0210463392364784","0.0336089826371797"
"61","C1yr_A1yr",0.024286826526702,"Otu00010",0.794135199129022,0.857773494850843,"k__Fungi;p__Chytridiomycota;c__Neocallimastigomycetes;o__Neocallimastigales;f__Neocallimastigaceae;unclassified;unclassified;","0.0297882729709996","0.0294671257912937","0.0288124881588651","0.0285673973074785"
"62","C1yr_A1yr",0.0227266950399571,"Otu00004",0.364406073880168,0.50541538072945,"k__Fungi;p__Chytridiomycota;c__Neocallimastigomycetes;o__Neocallimastigales;f__Neocallimastigaceae;g__Caecomyces;s__Caecomyces_communis;","0.020432137354153","0.0287984886605163","0.0282104760137411","0.0304607606068664"
"63","C1yr_A1yr",0.0203075833250299,"Otu00003",0.72580897301668,0.81287931894126,"k__Fungi;p__Chytridiomycota;c__Neocallimastigomycetes;o__Neocallimastigales;f__Neocallimastigaceae;unclassified;unclassified;","0.02803329073821","0.0307000627544957","0.0175357857869169","0.0159471451366184"
"64","C1yr_A1yr",0.014653302495349,"Otu00015",0.37085941044125,0.509257332484851,"k__Fungi;p__Chytridiomycota;c__Neocallimastigomycetes;o__Neocallimastigales;f__Neocallimastigaceae;g__Piromyces;s__Piromyces_sp_AF_CTS_BTrP2;","0.00574453556214794","0.0125287571484341","0.015556341745926","0.0318170539878255"
"65","C1yr_A1yr",0.014216535530408,"Otu00016",0.507561561469737,0.63246928948768,"k__Fungi;p__Chytridiomycota;c__Neocallimastigomycetes;o__Neocallimastigales;f__Neocallimastigaceae;g__Piromyces;s__Piromyces_sp_D_GRL_5;","0.0169732673336246","0.0281356432759228","0.00412805084552818","0.00656956566476313"
"66","C1yr_A1yr",0.013744546260964,"Otu00020",0.102726449981959,0.230787230504159,"k__Fungi;p__Chytridiomycota;c__Neocallimastigomycetes;o__Neocallimastigales;f__Neocallimastigaceae;unclassified;unclassified;","0.0180809238095782","0.0209157933012671","0.00416694133555613","0.0063678737607949"
"67","C1yr_A1yr",0.012997136208507,"Otu00024",0.175423547672683,0.343313568758196,"k__Fungi;p__Chytridiomycota;c__Neocallimastigomycetes;o__Neocallimastigales;f__Neocallimastigaceae;unclassified;unclassified;","0.018499375576555","0.0216986081845143","0.00593207183664067","0.00576648727449178"
"68","C1yr_A1yr",0.011308004365141,"Otu00034",0.684386429960791,0.785321119271556,"k__Fungi;p__Chytridiomycota;c__Neocallimastigomycetes;o__Neocallimastigales;f__Neocallimastigaceae;g__Cyllamyces;unclassified;","0.00873791660655028","0.0276654434914305","0.00691634678562783","0.0154387770020511"
"69","C1yr_A1yr",0.011050324070221,"Otu00081",0.317310507862905,0.458018334879035,"k__Fungi;p__Chytridiomycota;c__Neocallimastigomycetes;o__Neocallimastigales;f__Neocallimastigaceae;g__Caecomyces;s__Caecomyces_communis;","0.0138888888888889","0.0481125224324688","0","0"
"70","C1yr_A1yr",0.010414317368949,"Otu00033",0.566884909897305,0.679835662621204,"k__Fungi;p__Chytridiomycota;c__Neocallimastigomycetes;o__Neocallimastigales;f__Neocallimastigaceae;g__Orpinomyces;unclassified;","0.0119474207779543","0.0211643175960038","0.00623310597995666","0.00573054755415738"
"71","C1yr_A1yr",0.0100589784407979,"Otu00042",0.665219044680944,0.768858243671092,"k__Fungi;p__Chytridiomycota;c__Neocallimastigomycetes;o__Neocallimastigales;f__Neocallimastigaceae;g__Orpinomyces;s__Orpinomyces_sp;","0.00799077608371132","0.0222007826771865","0.00696343752312325","0.0154650887395033"
"72","C1yr_A2yr",0.088699570307435,"Otu00001",0.00373374027719775,0.0177770619168072,"k__Fungi;p__Chytridiomycota;c__Neocallimastigomycetes;o__Neocallimastigales;f__Neocallimastigaceae;g__Caecomyces;s__Caecomyces_communis;","0.15595770299527","0.116262702443229","0.0365899605842801","0.0973604180166694"
"73","C1yr_A2yr",0.080791339700994,"Otu00017",0.00115918894531552,0.00725061320697352,"k__Fungi;unclassified;unclassified;unclassified;unclassified;unclassified;unclassified;","0.0217961361641567","0.0506046480373953","0.176906914997461","0.117376009274722"
"74","C1yr_A2yr",0.056210081447393,"Otu00002",0.000724177135719103,0.00577531265735985,"k__Fungi;p__Chytridiomycota;c__Neocallimastigomycetes;o__Neocallimastigales;f__Neocallimastigaceae;g__Caecomyces;s__Caecomyces_communis;","0.109701933899796","0.0705690743383171","0.0200232652946469","0.0345164737829318"
"75","C1yr_A2yr",0.052793071557046,"Otu00007",0.000109852370108583,0.00194682811470211,"k__Fungi;p__Chytridiomycota;c__Neocallimastigomycetes;o__Neocallimastigales;f__Neocallimastigaceae;g__Caecomyces;s__Caecomyces_communis;","0.0910251446491425","0.0661883439841704","0","0"
"76","C1yr_A2yr",0.039577481649501,"Otu00008",0.0147316878974779,0.0510805265140809,"k__Fungi;p__Chytridiomycota;c__Neocallimastigomycetes;o__Neocallimastigales;f__Neocallimastigaceae;g__Orpinomyces;unclassified;","0.0677648719299513","0.12742114534939","0","0"
"77","C1yr_A2yr",0.032591471849812,"Otu00006",0.291343609670342,0.448978799443667,"k__Fungi;p__Chytridiomycota;c__Neocallimastigomycetes;o__Neocallimastigales;f__Neocallimastigaceae;unclassified;unclassified;","0.012883026948529","0.0155992276736436","0.0641695629083528","0.0937629435209715"
"78","C1yr_A2yr",0.029740108401767,"Otu00004",0.901768701806603,0.929439272522529,"k__Fungi;p__Chytridiomycota;c__Neocallimastigomycetes;o__Neocallimastigales;f__Neocallimastigaceae;g__Caecomyces;s__Caecomyces_communis;","0.020432137354153","0.0287984886605163","0.0497609925526616","0.110523527009325"
"79","C1yr_A2yr",0.024054865033287,"Otu00023",0.0328692343006587,0.0953207794719104,"k__Fungi;p__Chytridiomycota;c__Neocallimastigomycetes;o__Neocallimastigales;f__Neocallimastigaceae;g__Orpinomyces;unclassified;","0.0410413481477592","0.085495961033353","0","0"
"80","C1yr_A2yr",0.022098314766121,"Otu00018",0.0147316878974779,0.0510805265140809,"k__Fungi;p__Chytridiomycota;c__Neocallimastigomycetes;o__Neocallimastigales;f__Neocallimastigaceae;g__Orpinomyces;s__Orpinomyces_sp_2_SSD_2011;","0.0377973824983131","0.0875452309915959","0","0"
"81","C1yr_A2yr",0.021631351463149,"Otu00005",0.000956238853324686,0.0062253100859301,"k__Fungi;p__Chytridiomycota;c__Neocallimastigomycetes;o__Neocallimastigales;f__Neocallimastigaceae;g__Piromyces;s__Piromyces_sp_I_GRL_10;","0.0372101418772049","0.045265455945897","0","0"
"82","C1yr_A2yr",0.020553037566694,"Otu00013",0.00629077997509465,0.0254020102791797,"k__Fungi;p__Chytridiomycota;c__Neocallimastigomycetes;o__Neocallimastigales;f__Neocallimastigaceae;unclassified;unclassified;","0.0355740649398498","0.0568560039918539","0","0"
"83","C1yr_A2yr",0.019276717436221,"Otu00039",0.0328692343006587,0.0953207794719104,"k__Fungi;unclassified;unclassified;unclassified;unclassified;unclassified;unclassified;","0","0","0.0385511207370737","0.0705203341230286"
"84","C1yr_A2yr",0.018132329664006,"Otu00022",0.0116320256673907,0.0441740022368767,"k__Fungi;p__Chytridiomycota;c__Neocallimastigomycetes;o__Neocallimastigales;f__Neocallimastigaceae;g__Orpinomyces;unclassified;","0.0251648023224236","0.0299728643067718","0.0115079365079365","0.0398646614440456"
"85","C1yr_A2yr",0.017235324965477,"Otu00010",0.000108911324619787,0.00194682811470211,"k__Fungi;p__Chytridiomycota;c__Neocallimastigomycetes;o__Neocallimastigales;f__Neocallimastigaceae;unclassified;unclassified;","0.0297882729709996","0.0294671257912937","0","0"
"86","C1yr_A2yr",0.016012397161124,"Otu00003",0.000331172594511008,0.00383323235890017,"k__Fungi;p__Chytridiomycota;c__Neocallimastigomycetes;o__Neocallimastigales;f__Neocallimastigaceae;unclassified;unclassified;","0.02803329073821","0.0307000627544957","0","0"
"87","C1yr_A2yr",0.011173284201104,"Otu00041",0.0981855220960136,0.226965083685713,"k__Fungi;unclassified;unclassified;unclassified;unclassified;unclassified;unclassified;","0.000759611409673419","0.00177932205486924","0.0225098845667876","0.0339851732662537"
"88","C1yr_A2yr",0.010983509046206,"Otu00019",0.0706255684331111,0.176772706811299,"k__Fungi;p__Chytridiomycota;c__Neocallimastigomycetes;o__Neocallimastigales;f__Neocallimastigaceae;unclassified;unclassified;","0","0","0.021111219395618","0.0500611302945655"
"89","C1yr_A2yr",0.010855228605691,"Otu00044",0.408159867309018,0.542512490298236,"k__Fungi;unclassified;unclassified;unclassified;unclassified;unclassified;unclassified;","0.00436495420988693","0.0125579762153606","0.0205388322809032","0.0313982170111912"
"90","C1yr_A2yr",0.010687749107504,"Otu00024",0.000104751688559364,0.00194682811470211,"k__Fungi;p__Chytridiomycota;c__Neocallimastigomycetes;o__Neocallimastigales;f__Neocallimastigaceae;unclassified;unclassified;","0.018499375576555","0.0216986081845143","0","0"
"91","C1yr_A2yr",0.010462859968963,"Otu00020",0.000952764435448593,0.0062253100859301,"k__Fungi;p__Chytridiomycota;c__Neocallimastigomycetes;o__Neocallimastigales;f__Neocallimastigaceae;unclassified;unclassified;","0.0180809238095782","0.0209157933012671","0","0"
"92","C1yr_C2yr",0.0847762750836943,"Otu00001",0.00426339945939977,0.0191889097107486,"k__Fungi;p__Chytridiomycota;c__Neocallimastigomycetes;o__Neocallimastigales;f__Neocallimastigaceae;g__Caecomyces;s__Caecomyces_communis;","0.15595770299527","0.116262702443229","0.0244897959183673","0.073469387755102"
"93","C1yr_C2yr",0.0683510946523117,"Otu00003",0.312753084613569,0.458018334879035,"k__Fungi;p__Chytridiomycota;c__Neocallimastigomycetes;o__Neocallimastigales;f__Neocallimastigaceae;unclassified;unclassified;","0.02803329073821","0.0307000627544957","0.132527484205898","0.222912264552601"
"94","C1yr_C2yr",0.057088558483304,"Otu00002",0.00100152634673677,0.00638973809218057,"k__Fungi;p__Chytridiomycota;c__Neocallimastigomycetes;o__Neocallimastigales;f__Neocallimastigaceae;g__Caecomyces;s__Caecomyces_communis;","0.109701933899796","0.0705690743383171","0.0107537964680822","0.0270477845925235"
"95","C1yr_C2yr",0.055188952238114,"Otu00004",0.734841725716201,0.813939272581486,"k__Fungi;p__Chytridiomycota;c__Neocallimastigomycetes;o__Neocallimastigales;f__Neocallimastigaceae;g__Caecomyces;s__Caecomyces_communis;","0.020432137354153","0.0287984886605163","0.0925248063704394","0.205589044249911"
"96","C1yr_C2yr",0.050960212182496,"Otu00007",0.000551832944756652,0.00502432637646652,"k__Fungi;p__Chytridiomycota;c__Neocallimastigomycetes;o__Neocallimastigales;f__Neocallimastigaceae;g__Caecomyces;s__Caecomyces_communis;","0.0910251446491425","0.0661883439841704","0","0"
"97","C1yr_C2yr",0.038212755160051,"Otu00008",0.0323757636495276,0.0953207794719104,"k__Fungi;p__Chytridiomycota;c__Neocallimastigomycetes;o__Neocallimastigales;f__Neocallimastigaceae;g__Orpinomyces;unclassified;","0.0677648719299513","0.12742114534939","0","0"
"98","C1yr_C2yr",0.034156764935616,"Otu00017",0.610993155228995,0.724559822007904,"k__Fungi;unclassified;unclassified;unclassified;unclassified;unclassified;unclassified;","0.0217961361641567","0.0506046480373953","0.0624379907594406","0.0988695018022577"
"99","C1yr_C2yr",0.024577076580635,"Otu00016",0.127332865091307,0.272611972913603,"k__Fungi;p__Chytridiomycota;c__Neocallimastigomycetes;o__Neocallimastigales;f__Neocallimastigaceae;g__Piromyces;s__Piromyces_sp_D_GRL_5;","0.0169732673336246","0.0281356432759228","0.0337019483938915","0.101105845181675"
"100","C1yr_C2yr",0.02322823884394,"Otu00023",0.062089859283168,0.163691447201079,"k__Fungi;p__Chytridiomycota;c__Neocallimastigomycetes;o__Neocallimastigales;f__Neocallimastigaceae;g__Orpinomyces;unclassified;","0.0410413481477592","0.085495961033353","0","0"
"101","C1yr_C2yr",0.023167430765255,"Otu00039",0.00433103918236331,0.0191889097107486,"k__Fungi;unclassified;unclassified;unclassified;unclassified;unclassified;unclassified;","0","0","0.045994513049586","0.0784900314879999"
"102","C1yr_C2yr",0.021478701577952,"Otu00018",0.118802437787512,0.259575189412442,"k__Fungi;p__Chytridiomycota;c__Neocallimastigomycetes;o__Neocallimastigales;f__Neocallimastigaceae;g__Orpinomyces;s__Orpinomyces_sp_2_SSD_2011;","0.0377973824983131","0.0875452309915959","0.00112233445566779","0.00336700336700337"
"103","C1yr_C2yr",0.0208820522968081,"Otu00005",0.00340113740644674,0.0164388307978259,"k__Fungi;p__Chytridiomycota;c__Neocallimastigomycetes;o__Neocallimastigales;f__Neocallimastigaceae;g__Piromyces;s__Piromyces_sp_I_GRL_10;","0.0372101418772049","0.045265455945897","0","0"
"104","C1yr_C2yr",0.0204258402808509,"Otu00067",0.248213078989917,0.399898849483755,"k__Fungi;p__Chytridiomycota;c__Neocallimastigomycetes;o__Neocallimastigales;f__Neocallimastigaceae;g__Cyllamyces;s__Cyllamyces_sp_AF_CTS_CHCy1;","0","0","0.0368870895186685","0.110661268556005"
"105","C1yr_C2yr",0.0203034111089381,"Otu00013",0.154506376777778,0.308047088700695,"k__Fungi;p__Chytridiomycota;c__Neocallimastigomycetes;o__Neocallimastigales;f__Neocallimastigaceae;unclassified;unclassified;","0.0355740649398498","0.0568560039918539","0.00674309446239271","0.0143090886388458"
"106","C1yr_C2yr",0.020219425813089,"Otu00006",0.281366542777107,0.437833790955596,"k__Fungi;p__Chytridiomycota;c__Neocallimastigomycetes;o__Neocallimastigales;f__Neocallimastigaceae;unclassified;unclassified;","0.012883026948529","0.0155992276736436","0.0395843497112674","0.0510644230994884"
"107","C1yr_C2yr",0.016635577925487,"Otu00010",0.000546496060196072,0.00502432637646652,"k__Fungi;p__Chytridiomycota;c__Neocallimastigomycetes;o__Neocallimastigales;f__Neocallimastigaceae;unclassified;unclassified;","0.0297882729709996","0.0294671257912937","0","0"
"108","C1yr_C2yr",0.0158825445659539,"Otu00045",0.248213078989917,0.399898849483755,"k__Fungi;unclassified;unclassified;unclassified;unclassified;unclassified;unclassified;","0","0","0.032312925170068","0.0969387755102041"
"109","C1yr_C2yr",0.014148723874125,"Otu00022",0.00340113740644674,0.0164388307978259,"k__Fungi;p__Chytridiomycota;c__Neocallimastigomycetes;o__Neocallimastigales;f__Neocallimastigaceae;g__Orpinomyces;unclassified;","0.0251648023224236","0.0299728643067718","0","0"
"110","C1yr_C2yr",0.013953372099787,"Otu00089",0.0942643068412091,0.221105249134895,"k__Fungi;p__Chytridiomycota;c__Neocallimastigomycetes;o__Neocallimastigales;f__Neocallimastigaceae;unclassified;unclassified;","0","0","0.0261343594676928","0.0746899430256149"
"111","C1yr_C2yr",0.013189940623058,"Otu00048",0.321178622552998,0.459443859167742,"k__Fungi;p__Chytridiomycota;c__Neocallimastigomycetes;o__Neocallimastigales;f__Neocallimastigaceae;g__Orpinomyces;unclassified;","0.000342935528120713","0.00118796351685108","0.0244523225161349","0.0541010383778764"
"112","C1yr_C2yr",0.013104791700086,"Otu00096",0.248213078989917,0.399898849483755,"k__Fungi;unclassified;unclassified;unclassified;unclassified;unclassified;unclassified;","0","0","0.0254413291796469","0.0763239875389408"
"113","C1yr_C2yr",0.0108502340564139,"Otu00064",0.780331794417399,0.852485761709419,"k__Fungi;p__Chytridiomycota;c__Neocallimastigomycetes;o__Neocallimastigales;f__Neocallimastigaceae;g__Orpinomyces;s__Orpinomyces_sp_2_SSD_2011;","0.00308641975308642","0.0106916716516597","0.0170940170940171","0.0512820512820513"
"114","C1yr_C2yr",0.010315310294968,"Otu00024",0.000522925335360167,0.00502432637646652,"k__Fungi;p__Chytridiomycota;c__Neocallimastigomycetes;o__Neocallimastigales;f__Neocallimastigaceae;unclassified;unclassified;","0.018499375576555","0.0216986081845143","0","0"
"115","C1yr_C2yr",0.010098821644921,"Otu00020",0.00338751600936305,0.0164388307978259,"k__Fungi;p__Chytridiomycota;c__Neocallimastigomycetes;o__Neocallimastigales;f__Neocallimastigaceae;unclassified;unclassified;","0.0180809238095782","0.0209157933012671","0","0"
"116","B1yr_B2yr",0.101864972945221,"Otu00001",5.48313039603387e-05,0.00178658543047958,"k__Fungi;p__Chytridiomycota;c__Neocallimastigomycetes;o__Neocallimastigales;f__Neocallimastigaceae;g__Caecomyces;s__Caecomyces_communis;","0.198418259221733","0.0869447135855847","0.0280226215305528","0.0397318609705678"
"117","B1yr_B2yr",0.093256546027585,"Otu00007",5.31688559603369e-05,0.00178658543047958,"k__Fungi;p__Chytridiomycota;c__Neocallimastigomycetes;o__Neocallimastigales;f__Neocallimastigaceae;g__Caecomyces;s__Caecomyces_communis;","0.160610208986834","0.113642112176959","0.00102880658436214","0.00356389055055325"
"118","B1yr_B2yr",0.081806126965506,"Otu00002",6.16063941544684e-05,0.00178658543047958,"k__Fungi;p__Chytridiomycota;c__Neocallimastigomycetes;o__Neocallimastigales;f__Neocallimastigaceae;g__Caecomyces;s__Caecomyces_communis;","0.158624766795941","0.0546118514296007","0.021823339531913","0.0372455819165196"
"119","B1yr_B2yr",0.072296481247734,"Otu00017",0.00181919091074382,0.0103628910808443,"k__Fungi;unclassified;unclassified;unclassified;unclassified;unclassified;unclassified;","0.00690394692359703","0.0131000750186923","0.145239699419238","0.118651532851863"
"120","B1yr_B2yr",0.041100193635126,"Otu00004",0.380189432493398,0.515530080659101,"k__Fungi;p__Chytridiomycota;c__Neocallimastigomycetes;o__Neocallimastigales;f__Neocallimastigaceae;g__Caecomyces;s__Caecomyces_communis;","0.0267902473919025","0.0228648446402025","0.0799403488533634","0.10302999141844"
"121","B1yr_B2yr",0.0372650061702,"Otu00003",0.0484318447112084,0.132049217631414,"k__Fungi;p__Chytridiomycota;c__Neocallimastigomycetes;o__Neocallimastigales;f__Neocallimastigaceae;unclassified;unclassified;","0.0332530031753614","0.0170464798342754","0.0518577253300956","0.108874439759477"
"122","B1yr_B2yr",0.026441795629092,"Otu00010",3.45267215865245e-05,0.00178658543047958,"k__Fungi;p__Chytridiomycota;c__Neocallimastigomycetes;o__Neocallimastigales;f__Neocallimastigaceae;unclassified;unclassified;","0.046927612013663","0.0413852035545996","0.00183553597650514","0.00635848314085491"
"123","B1yr_B2yr",0.021211633709951,"Otu00005",0.00164349561899686,0.00953227459018176,"k__Fungi;p__Chytridiomycota;c__Neocallimastigomycetes;o__Neocallimastigales;f__Neocallimastigaceae;g__Piromyces;s__Piromyces_sp_I_GRL_10;","0.0328583080591002","0.0405905601655639","0.0091776798825257","0.0317924157042745"
"124","B1yr_B2yr",0.020572388326891,"Otu00013",0.000952764435448593,0.0062253100859301,"k__Fungi;p__Chytridiomycota;c__Neocallimastigomycetes;o__Neocallimastigales;f__Neocallimastigaceae;unclassified;unclassified;","0.0353477116723605","0.0342060279121034","0","0"
"125","B1yr_B2yr",0.019782118884124,"Otu00008",0.00629077997509465,0.0254020102791797,"k__Fungi;p__Chytridiomycota;c__Neocallimastigomycetes;o__Neocallimastigales;f__Neocallimastigaceae;g__Orpinomyces;unclassified;","0.0337156116118501","0.055185038562809","0","0"
"126","B1yr_B2yr",0.015268770511749,"Otu00018",0.102732873766742,0.230787230504159,"k__Fungi;p__Chytridiomycota;c__Neocallimastigomycetes;o__Neocallimastigales;f__Neocallimastigaceae;g__Orpinomyces;s__Orpinomyces_sp_2_SSD_2011;","0.0117531010860625","0.0180604182327229","0.0176211453744493","0.0610414381522071"
"127","B1yr_B2yr",0.015225977708459,"Otu00012",0.0375858535713505,0.107052565082686,"k__Fungi;p__Chytridiomycota;c__Neocallimastigomycetes;o__Neocallimastigales;f__Neocallimastigaceae;g__Caecomyces;unclassified;","0.0101396573242388","0.0100071908269445","0.0212797619047619","0.060728143843267"
"128","B1yr_B2yr",0.014453603735007,"Otu00029",0.230064283265543,0.399898849483755,"k__Fungi;p__Chytridiomycota;c__Neocallimastigomycetes;o__Neocallimastigales;f__Neocallimastigaceae;g__Caecomyces;s__Caecomyces_communis;","0.00214592274678112","0.00743369445308531","0.0265439837679789","0.0712731230585771"
"129","B1yr_B2yr",0.0144166608454239,"Otu00006",0.268771175439227,0.423516590417548,"k__Fungi;p__Chytridiomycota;c__Neocallimastigomycetes;o__Neocallimastigales;f__Neocallimastigaceae;unclassified;unclassified;","0.0127069096436663","0.0152076012141052","0.029785986147765","0.028473534798558"
"130","B1yr_B2yr",0.012494998647652,"Otu00023",0.000956238853324686,0.0062253100859301,"k__Fungi;p__Chytridiomycota;c__Neocallimastigomycetes;o__Neocallimastigales;f__Neocallimastigaceae;g__Orpinomyces;unclassified;","0.0213827264355026","0.0301212980322401","0","0"
"131","B1yr_B2yr",0.012218533612711,"Otu00045",0.317310507862905,0.458018334879035,"k__Fungi;unclassified;unclassified;unclassified;unclassified;unclassified;unclassified;","0","0","0.0235247208931419","0.0814920236415979"
"132","B1yr_B2yr",0.011888945657869,"Otu00041",0.0483798462919514,0.132049217631414,"k__Fungi;unclassified;unclassified;unclassified;unclassified;unclassified;unclassified;","0.000718390804597701","0.00248857874650701","0.0233113687567677","0.0366794898308843"
"133","B1yr_B2yr",0.010904089154995,"Otu00039",0.0146888606884869,0.0510805265140809,"k__Fungi;unclassified;unclassified;unclassified;unclassified;unclassified;unclassified;","0","0","0.0208527768602709","0.0531383675566584"
"134","B1yr_B2yr",0.0105074381924151,"Otu00020",3.21595556320068e-05,0.00178658543047958,"k__Fungi;p__Chytridiomycota;c__Neocallimastigomycetes;o__Neocallimastigales;f__Neocallimastigaceae;unclassified;unclassified;","0.0180757525973665","0.0148691086594944","0","0"
"135","B1yr_A1yr",0.116141435683922,"Otu00001",0.728921245020276,0.813027542522616,"k__Fungi;p__Chytridiomycota;c__Neocallimastigomycetes;o__Neocallimastigales;f__Neocallimastigaceae;g__Caecomyces;s__Caecomyces_communis;","0.198418259221733","0.0869447135855847","0.205809760028356","0.133010936802158"
"136","B1yr_A1yr",0.111152812134573,"Otu00007",0.203039025220199,0.387573527525172,"k__Fungi;p__Chytridiomycota;c__Neocallimastigomycetes;o__Neocallimastigales;f__Neocallimastigaceae;g__Caecomyces;s__Caecomyces_communis;","0.160610208986834","0.113642112176959","0.105917462204987","0.0965742600908425"
"137","B1yr_A1yr",0.081830680353164,"Otu00002",0.707210997134112,0.805715386020649,"k__Fungi;p__Chytridiomycota;c__Neocallimastigomycetes;o__Neocallimastigales;f__Neocallimastigaceae;g__Caecomyces;s__Caecomyces_communis;","0.158624766795941","0.0546118514296007","0.135893320863342","0.0947843138930107"
"138","B1yr_A1yr",0.068388855159927,"Otu00008",0.563820223699209,0.678711891924708,"k__Fungi;p__Chytridiomycota;c__Neocallimastigomycetes;o__Neocallimastigales;f__Neocallimastigaceae;g__Orpinomyces;unclassified;","0.0337156116118501","0.055185038562809","0.0626403805251076","0.0987278502686486"
"139","B1yr_A1yr",0.035999748728656,"Otu00010",0.124373162993526,0.268074587803614,"k__Fungi;p__Chytridiomycota;c__Neocallimastigomycetes;o__Neocallimastigales;f__Neocallimastigaceae;unclassified;unclassified;","0.046927612013663","0.0413852035545996","0.0288124881588651","0.0285673973074785"
"140","B1yr_A1yr",0.035655684832778,"Otu00013",0.814812763186785,0.873780980721587,"k__Fungi;p__Chytridiomycota;c__Neocallimastigomycetes;o__Neocallimastigales;f__Neocallimastigaceae;unclassified;unclassified;","0.0353477116723605","0.0342060279121034","0.0390770532808858","0.0385006825317836"
"141","B1yr_A1yr",0.034566016250315,"Otu00017",0.13964939861043,0.289273754264462,"k__Fungi;unclassified;unclassified;unclassified;unclassified;unclassified;unclassified;","0.00690394692359703","0.0131000750186923","0.0388991900110709","0.108467709303938"
"142","B1yr_A1yr",0.034531466851918,"Otu00018",0.558477888530357,0.675121000717304,"k__Fungi;p__Chytridiomycota;c__Neocallimastigomycetes;o__Neocallimastigales;f__Neocallimastigaceae;g__Orpinomyces;s__Orpinomyces_sp_2_SSD_2011;","0.0117531010860625","0.0180604182327229","0.0315009821355928","0.0878525875508522"
"143","B1yr_A1yr",0.029568963085999,"Otu00009",0.502077520844824,0.628089133919604,"k__Fungi;p__Chytridiomycota;c__Neocallimastigomycetes;o__Neocallimastigales;f__Neocallimastigaceae;g__Cyllamyces;s__Cyllamyces_aberensis;","0.0110039600083735","0.0174861519749729","0.0277335102884963","0.0495117204070327"
"144","B1yr_A1yr",0.029562362640575,"Otu00005",0.463903254048762,0.594227586628428,"k__Fungi;p__Chytridiomycota;c__Neocallimastigomycetes;o__Neocallimastigales;f__Neocallimastigaceae;g__Piromyces;s__Piromyces_sp_I_GRL_10;","0.0328583080591002","0.0405905601655639","0.0188253467464543","0.0195926137635925"
"145","B1yr_A1yr",0.0261111386800961,"Otu00023",0.293877207178223,0.450705909085833,"k__Fungi;p__Chytridiomycota;c__Neocallimastigomycetes;o__Neocallimastigales;f__Neocallimastigaceae;g__Orpinomyces;unclassified;","0.0213827264355026","0.0301212980322401","0.0174389573803327","0.0339135593011887"
"146","B1yr_A1yr",0.025187675773152,"Otu00004",0.816259348761859,0.873780980721587,"k__Fungi;p__Chytridiomycota;c__Neocallimastigomycetes;o__Neocallimastigales;f__Neocallimastigaceae;g__Caecomyces;s__Caecomyces_communis;","0.0267902473919025","0.0228648446402025","0.0282104760137411","0.0304607606068664"
"147","B1yr_A1yr",0.024570447736404,"Otu00027",0.265455758786518,0.422863081679667,"k__Fungi;p__Chytridiomycota;c__Neocallimastigomycetes;o__Neocallimastigales;f__Neocallimastigaceae;g__Cyllamyces;unclassified;","0.000357653791130186","0.00123894907551422","0.0267134192023974","0.0896095413719673"
"148","B1yr_A1yr",0.0216484331324049,"Otu00022",0.903216847905906,0.929439272522529,"k__Fungi;p__Chytridiomycota;c__Neocallimastigomycetes;o__Neocallimastigales;f__Neocallimastigaceae;g__Orpinomyces;unclassified;","0.0109703933146196","0.0114744738806224","0.0210463392364784","0.0336089826371797"
"149","B1yr_A1yr",0.02115760489049,"Otu00015",0.496697556604045,0.623805199042088,"k__Fungi;p__Chytridiomycota;c__Neocallimastigomycetes;o__Neocallimastigales;f__Neocallimastigaceae;g__Piromyces;s__Piromyces_sp_AF_CTS_BTrP2;","0.0149157414807","0.0208809530353711","0.015556341745926","0.0318170539878255"
"150","B1yr_A1yr",0.0203786451883791,"Otu00003",0.0587027439778031,0.156051461074326,"k__Fungi;p__Chytridiomycota;c__Neocallimastigomycetes;o__Neocallimastigales;f__Neocallimastigaceae;unclassified;unclassified;","0.0332530031753614","0.0170464798342754","0.0175357857869169","0.0159471451366184"
"151","B1yr_A1yr",0.0160135503499299,"Otu00014",0.132416034517349,0.276083104647283,"k__Fungi;p__Chytridiomycota;c__Neocallimastigomycetes;o__Neocallimastigales;f__Neocallimastigaceae;unclassified;unclassified;","0.0162995655360551","0.0315083081419191","0.00274348422496571","0.00950370813480866"
"152","B1yr_A1yr",0.014445767785725,"Otu00020",0.00506649938883041,0.0218407203383365,"k__Fungi;p__Chytridiomycota;c__Neocallimastigomycetes;o__Neocallimastigales;f__Neocallimastigaceae;unclassified;unclassified;","0.0180757525973665","0.0148691086594944","0.00416694133555613","0.0063678737607949"
"153","B1yr_A1yr",0.011504430298711,"Otu00033",0.631656992010402,0.738090038283217,"k__Fungi;p__Chytridiomycota;c__Neocallimastigomycetes;o__Neocallimastigales;f__Neocallimastigaceae;g__Orpinomyces;unclassified;","0.0132284738801458","0.0186461561226063","0.00623310597995666","0.00573054755415738"
"154","B1yr_A1yr",0.0108244691754731,"Otu00021",0.0362818162283805,0.104269363755436,"k__Fungi;p__Chytridiomycota;c__Neocallimastigomycetes;o__Neocallimastigales;f__Neocallimastigaceae;unclassified;unclassified;","0.0142262502989119","0.0141137112131182","0.00485133531410618","0.0055313814913584"
"155","B1yr_A1yr",0.01068221453298,"Otu00024",0.0402400114761527,0.112601435621866,"k__Fungi;p__Chytridiomycota;c__Neocallimastigomycetes;o__Neocallimastigales;f__Neocallimastigaceae;unclassified;unclassified;","0.0149804325068353","0.0124358907410968","0.00593207183664067","0.00576648727449178"
"156","B1yr_A1yr",0.0104896181563849,"Otu00006",0.459651048927361,0.591244695999307,"k__Fungi;p__Chytridiomycota;c__Neocallimastigomycetes;o__Neocallimastigales;f__Neocallimastigaceae;unclassified;unclassified;","0.0127069096436663","0.0152076012141052","0.00847415333464294","0.00912880683918733"
"157","B1yr_A1yr",0.010486569254899,"Otu00038",0.482016194947209,0.610171294397459,"k__Fungi;p__Chytridiomycota;c__Neocallimastigomycetes;o__Neocallimastigales;f__Neocallimastigaceae;unclassified;unclassified;","0.011284939507718","0.0266269129050027","0.000345781466113416","0.00119782213524819"
"158","B1yr_A2yr",0.106936121608241,"Otu00001",0.000406935013242626,0.00447628514566889,"k__Fungi;p__Chytridiomycota;c__Neocallimastigomycetes;o__Neocallimastigales;f__Neocallimastigaceae;g__Caecomyces;s__Caecomyces_communis;","0.198418259221733","0.0869447135855847","0.0365899605842801","0.0973604180166694"
"159","B1yr_A2yr",0.092790269001501,"Otu00007",3.27697550258183e-05,0.00178658543047958,"k__Fungi;p__Chytridiomycota;c__Neocallimastigomycetes;o__Neocallimastigales;f__Neocallimastigaceae;g__Caecomyces;s__Caecomyces_communis;","0.160610208986834","0.113642112176959","0","0"
"160","B1yr_A2yr",0.083440788446129,"Otu00017",0.000165492145522243,0.00263959972107978,"k__Fungi;unclassified;unclassified;unclassified;unclassified;unclassified;unclassified;","0.00690394692359703","0.0131000750186923","0.176906914997461","0.117376009274722"
"161","B1yr_A2yr",0.082051703843902,"Otu00002",4.89990084069589e-05,0.00178658543047958,"k__Fungi;p__Chytridiomycota;c__Neocallimastigomycetes;o__Neocallimastigales;f__Neocallimastigaceae;g__Caecomyces;s__Caecomyces_communis;","0.158624766795941","0.0546118514296007","0.0200232652946469","0.0345164737829318"
"162","B1yr_A2yr",0.032154715852201,"Otu00006",0.465695600805978,0.594227586628428,"k__Fungi;p__Chytridiomycota;c__Neocallimastigomycetes;o__Neocallimastigales;f__Neocallimastigaceae;unclassified;unclassified;","0.0127069096436663","0.0152076012141052","0.0641695629083528","0.0937629435209715"
"163","B1yr_A2yr",0.030027808495365,"Otu00004",0.373382994421462,0.509257332484851,"k__Fungi;p__Chytridiomycota;c__Neocallimastigomycetes;o__Neocallimastigales;f__Neocallimastigaceae;g__Caecomyces;s__Caecomyces_communis;","0.0267902473919025","0.0228648446402025","0.0497609925526616","0.110523527009325"
"164","B1yr_A2yr",0.026965999846551,"Otu00010",8.32355619925673e-06,0.0013765788241488,"k__Fungi;p__Chytridiomycota;c__Neocallimastigomycetes;o__Neocallimastigales;f__Neocallimastigaceae;unclassified;unclassified;","0.046927612013663","0.0413852035545996","0","0"
"165","B1yr_A2yr",0.020365539400516,"Otu00013",0.000952764435448593,0.0062253100859301,"k__Fungi;p__Chytridiomycota;c__Neocallimastigomycetes;o__Neocallimastigales;f__Neocallimastigaceae;unclassified;unclassified;","0.0353477116723605","0.0342060279121034","0","0"
"166","B1yr_A2yr",0.019579992947608,"Otu00008",0.00629077997509465,0.0254020102791797,"k__Fungi;p__Chytridiomycota;c__Neocallimastigomycetes;o__Neocallimastigales;f__Neocallimastigaceae;g__Orpinomyces;unclassified;","0.0337156116118501","0.055185038562809","0","0"
"167","B1yr_A2yr",0.019152988974025,"Otu00003",8.63058823917743e-06,0.0013765788241488,"k__Fungi;p__Chytridiomycota;c__Neocallimastigomycetes;o__Neocallimastigales;f__Neocallimastigaceae;unclassified;unclassified;","0.0332530031753614","0.0170464798342754","0","0"
"168","B1yr_A2yr",0.019051885587045,"Otu00039",0.0328692343006587,0.0953207794719104,"k__Fungi;unclassified;unclassified;unclassified;unclassified;unclassified;unclassified;","0","0","0.0385511207370737","0.0705203341230286"
"169","B1yr_A2yr",0.0189362843440321,"Otu00005",0.000108911324619787,0.00194682811470211,"k__Fungi;p__Chytridiomycota;c__Neocallimastigomycetes;o__Neocallimastigales;f__Neocallimastigaceae;g__Piromyces;s__Piromyces_sp_I_GRL_10;","0.0328583080591002","0.0405905601655639","0","0"
"170","B1yr_A2yr",0.012368353766815,"Otu00023",0.000956238853324686,0.0062253100859301,"k__Fungi;p__Chytridiomycota;c__Neocallimastigomycetes;o__Neocallimastigales;f__Neocallimastigaceae;g__Orpinomyces;unclassified;","0.0213827264355026","0.0301212980322401","0","0"
"171","B1yr_A2yr",0.011099767832999,"Otu00022",0.0251854878772401,0.0814441404536443,"k__Fungi;p__Chytridiomycota;c__Neocallimastigomycetes;o__Neocallimastigales;f__Neocallimastigaceae;g__Orpinomyces;unclassified;","0.0109703933146196","0.0114744738806224","0.0115079365079365","0.0398646614440456"
"172","B1yr_A2yr",0.011040971126184,"Otu00041",0.0443019514501199,0.122889760979028,"k__Fungi;unclassified;unclassified;unclassified;unclassified;unclassified;unclassified;","0.000718390804597701","0.00248857874650701","0.0225098845667876","0.0339851732662537"
"173","B1yr_A2yr",0.010958963651435,"Otu00019",0.230064283265543,0.399898849483755,"k__Fungi;p__Chytridiomycota;c__Neocallimastigomycetes;o__Neocallimastigales;f__Neocallimastigaceae;unclassified;unclassified;","0.000345781466113416","0.00119782213524819","0.021111219395618","0.0500611302945655"
"174","B1yr_A2yr",0.0104020606076169,"Otu00020",3.21595556320068e-05,0.00178658543047958,"k__Fungi;p__Chytridiomycota;c__Neocallimastigomycetes;o__Neocallimastigales;f__Neocallimastigaceae;unclassified;unclassified;","0.0180757525973665","0.0148691086594944","0","0"
"175","B1yr_C2yr",0.105157470802316,"Otu00001",0.000592239234018062,0.00502432637646652,"k__Fungi;p__Chytridiomycota;c__Neocallimastigomycetes;o__Neocallimastigales;f__Neocallimastigaceae;g__Caecomyces;s__Caecomyces_communis;","0.198418259221733","0.0869447135855847","0.0244897959183673","0.073469387755102"
"176","B1yr_C2yr",0.090596913033361,"Otu00007",0.00019694590733498,0.0027244122225325,"k__Fungi;p__Chytridiomycota;c__Neocallimastigomycetes;o__Neocallimastigales;f__Neocallimastigaceae;g__Caecomyces;s__Caecomyces_communis;","0.160610208986834","0.113642112176959","0","0"
"177","B1yr_C2yr",0.083998111336438,"Otu00002",0.00014203083069629,0.00238462289432192,"k__Fungi;p__Chytridiomycota;c__Neocallimastigomycetes;o__Neocallimastigales;f__Neocallimastigaceae;g__Caecomyces;s__Caecomyces_communis;","0.158624766795941","0.0546118514296007","0.0107537964680822","0.0270477845925235"
"178","B1yr_C2yr",0.066723009049307,"Otu00003",0.54435691427755,0.662785708605108,"k__Fungi;p__Chytridiomycota;c__Neocallimastigomycetes;o__Neocallimastigales;f__Neocallimastigaceae;unclassified;unclassified;","0.0332530031753614","0.0170464798342754","0.132527484205898","0.222912264552601"
"179","B1yr_C2yr",0.056770242454254,"Otu00004",0.204113958069683,0.387573527525172,"k__Fungi;p__Chytridiomycota;c__Neocallimastigomycetes;o__Neocallimastigales;f__Neocallimastigaceae;g__Caecomyces;s__Caecomyces_communis;","0.0267902473919025","0.0228648446402025","0.0925248063704394","0.205589044249911"
"180","B1yr_C2yr",0.031052426440549,"Otu00017",0.0770300118619481,0.190485068092724,"k__Fungi;unclassified;unclassified;unclassified;unclassified;unclassified;unclassified;","0.00690394692359703","0.0131000750186923","0.0624379907594406","0.0988695018022577"
"181","B1yr_C2yr",0.026323697217712,"Otu00010",5.94716017429916e-05,0.00178658543047958,"k__Fungi;p__Chytridiomycota;c__Neocallimastigomycetes;o__Neocallimastigales;f__Neocallimastigaceae;unclassified;unclassified;","0.046927612013663","0.0413852035545996","0","0"
"182","B1yr_C2yr",0.0231600764039,"Otu00039",0.00433103918236331,0.0191889097107486,"k__Fungi;unclassified;unclassified;unclassified;unclassified;unclassified;unclassified;","0","0","0.045994513049586","0.0784900314879999"
"183","B1yr_C2yr",0.021059336745905,"Otu00016",0.0207508911588847,0.0689534820800441,"k__Fungi;p__Chytridiomycota;c__Neocallimastigomycetes;o__Neocallimastigales;f__Neocallimastigaceae;g__Piromyces;s__Piromyces_sp_D_GRL_5;","0.00876905207666588","0.00991682436105553","0.0337019483938915","0.101105845181675"
"184","B1yr_C2yr",0.020430667135089,"Otu00067",0.248213078989917,0.399898849483755,"k__Fungi;p__Chytridiomycota;c__Neocallimastigomycetes;o__Neocallimastigales;f__Neocallimastigaceae;g__Cyllamyces;s__Cyllamyces_sp_AF_CTS_CHCy1;","0","0","0.0368870895186685","0.110661268556005"
"185","B1yr_C2yr",0.020088788385636,"Otu00006",0.350019895442558,0.489495571448682,"k__Fungi;p__Chytridiomycota;c__Neocallimastigomycetes;o__Neocallimastigales;f__Neocallimastigaceae;unclassified;unclassified;","0.0127069096436663","0.0152076012141052","0.0395843497112674","0.0510644230994884"
"186","B1yr_C2yr",0.019120572485177,"Otu00008",0.0161569312611813,0.0548304369395406,"k__Fungi;p__Chytridiomycota;c__Neocallimastigomycetes;o__Neocallimastigales;f__Neocallimastigaceae;g__Orpinomyces;unclassified;","0.0337156116118501","0.055185038562809","0","0"
"187","B1yr_C2yr",0.019093297272142,"Otu00013",0.021190248072358,0.0696875168565175,"k__Fungi;p__Chytridiomycota;c__Neocallimastigomycetes;o__Neocallimastigales;f__Neocallimastigaceae;unclassified;unclassified;","0.0353477116723605","0.0342060279121034","0.00674309446239271","0.0143090886388458"
"188","B1yr_C2yr",0.018487090000298,"Otu00005",0.000546496060196072,0.00502432637646652,"k__Fungi;p__Chytridiomycota;c__Neocallimastigomycetes;o__Neocallimastigales;f__Neocallimastigaceae;g__Piromyces;s__Piromyces_sp_I_GRL_10;","0.0328583080591002","0.0405905601655639","0","0"
"189","B1yr_C2yr",0.015875279741008,"Otu00045",0.248213078989917,0.399898849483755,"k__Fungi;unclassified;unclassified;unclassified;unclassified;unclassified;unclassified;","0","0","0.032312925170068","0.0969387755102041"
"190","B1yr_C2yr",0.013953617489515,"Otu00089",0.0942643068412091,0.221105249134895,"k__Fungi;p__Chytridiomycota;c__Neocallimastigomycetes;o__Neocallimastigales;f__Neocallimastigaceae;unclassified;unclassified;","0","0","0.0261343594676928","0.0746899430256149"
"191","B1yr_C2yr",0.013414203176814,"Otu00048",0.886304195677729,0.922303621919986,"k__Fungi;p__Chytridiomycota;c__Neocallimastigomycetes;o__Neocallimastigales;f__Neocallimastigaceae;g__Orpinomyces;unclassified;","0.00106394538739927","0.00192488905501547","0.0244523225161349","0.0541010383778764"
"192","B1yr_C2yr",0.0131022564341671,"Otu00096",0.248213078989917,0.399898849483755,"k__Fungi;unclassified;unclassified;unclassified;unclassified;unclassified;unclassified;","0","0","0.0254413291796469","0.0763239875389408"
"193","B1yr_C2yr",0.01207649688291,"Otu00023",0.00340113740644674,0.0164388307978259,"k__Fungi;p__Chytridiomycota;c__Neocallimastigomycetes;o__Neocallimastigales;f__Neocallimastigaceae;g__Orpinomyces;unclassified;","0.0213827264355026","0.0301212980322401","0","0"
"194","B1yr_C2yr",0.0101547954888109,"Otu00020",0.00019275358144989,0.0027244122225325,"k__Fungi;p__Chytridiomycota;c__Neocallimastigomycetes;o__Neocallimastigales;f__Neocallimastigaceae;unclassified;unclassified;","0.0180757525973665","0.0148691086594944","0","0"
"195","B2yr_A1yr",0.111242270944361,"Otu00001",0.000717346918822034,0.00577531265735985,"k__Fungi;p__Chytridiomycota;c__Neocallimastigomycetes;o__Neocallimastigales;f__Neocallimastigaceae;g__Caecomyces;s__Caecomyces_communis;","0.0280226215305528","0.0397318609705678","0.205809760028356","0.133010936802158"
"196","B2yr_A1yr",0.075731853236738,"Otu00017",0.0398379869597161,0.112462989735836,"k__Fungi;unclassified;unclassified;unclassified;unclassified;unclassified;unclassified;","0.145239699419238","0.118651532851863","0.0388991900110709","0.108467709303938"
"197","B2yr_A1yr",0.074117661405615,"Otu00002",0.00302546255648705,0.0155664928309576,"k__Fungi;p__Chytridiomycota;c__Neocallimastigomycetes;o__Neocallimastigales;f__Neocallimastigaceae;g__Caecomyces;s__Caecomyces_communis;","0.021823339531913","0.0372455819165196","0.135893320863342","0.0947843138930107"
"198","B2yr_A1yr",0.061777937669825,"Otu00007",0.000201881283735764,0.0027244122225325,"k__Fungi;p__Chytridiomycota;c__Neocallimastigomycetes;o__Neocallimastigales;f__Neocallimastigaceae;g__Caecomyces;s__Caecomyces_communis;","0.00102880658436214","0.00356389055055325","0.105917462204987","0.0965742600908425"
"199","B2yr_A1yr",0.042178978857237,"Otu00004",0.519970358387329,0.642909086533171,"k__Fungi;p__Chytridiomycota;c__Neocallimastigomycetes;o__Neocallimastigales;f__Neocallimastigaceae;g__Caecomyces;s__Caecomyces_communis;","0.0799403488533634","0.10302999141844","0.0282104760137411","0.0304607606068664"
"200","B2yr_A1yr",0.037107357261007,"Otu00008",0.00252070145912691,0.0131820289419916,"k__Fungi;p__Chytridiomycota;c__Neocallimastigomycetes;o__Neocallimastigales;f__Neocallimastigaceae;g__Orpinomyces;unclassified;","0","0","0.0626403805251076","0.0987278502686486"
"201","B2yr_A1yr",0.033097419151387,"Otu00003",0.235220141080177,0.399898849483755,"k__Fungi;p__Chytridiomycota;c__Neocallimastigomycetes;o__Neocallimastigales;f__Neocallimastigaceae;unclassified;unclassified;","0.0518577253300956","0.108874439759477","0.0175357857869169","0.0159471451366184"
"202","B2yr_A1yr",0.026106197741065,"Otu00018",0.306597831916209,0.458018334879035,"k__Fungi;p__Chytridiomycota;c__Neocallimastigomycetes;o__Neocallimastigales;f__Neocallimastigaceae;g__Orpinomyces;s__Orpinomyces_sp_2_SSD_2011;","0.0176211453744493","0.0610414381522071","0.0315009821355928","0.0878525875508522"
"203","B2yr_A1yr",0.022899950285135,"Otu00013",0.000336459266611927,0.00383323235890017,"k__Fungi;p__Chytridiomycota;c__Neocallimastigomycetes;o__Neocallimastigales;f__Neocallimastigaceae;unclassified;unclassified;","0","0","0.0390770532808858","0.0385006825317836"
"204","B2yr_A1yr",0.018797500457758,"Otu00027",0.306348375958486,0.458018334879035,"k__Fungi;p__Chytridiomycota;c__Neocallimastigomycetes;o__Neocallimastigales;f__Neocallimastigaceae;g__Cyllamyces;unclassified;","0.00659722222222222","0.0228534481554227","0.0267134192023974","0.0896095413719673"
"205","B2yr_A1yr",0.0175248433970411,"Otu00009",0.150017581752733,0.300978670308941,"k__Fungi;p__Chytridiomycota;c__Neocallimastigomycetes;o__Neocallimastigales;f__Neocallimastigaceae;g__Cyllamyces;s__Cyllamyces_aberensis;","0.00448233353274959","0.0141965534402398","0.0277335102884963","0.0495117204070327"
"206","B2yr_A1yr",0.016743842526721,"Otu00010",0.000598509098137078,0.00502432637646652,"k__Fungi;p__Chytridiomycota;c__Neocallimastigomycetes;o__Neocallimastigales;f__Neocallimastigaceae;unclassified;unclassified;","0.00183553597650514","0.00635848314085491","0.0288124881588651","0.0285673973074785"
"207","B2yr_A1yr",0.01569176047586,"Otu00041",0.102732873766742,0.230787230504159,"k__Fungi;unclassified;unclassified;unclassified;unclassified;unclassified;unclassified;","0.0233113687567677","0.0366794898308843","0.0112847222222222","0.0390914244763809"
"208","B2yr_A1yr",0.014475508035433,"Otu00029",0.732609236626374,0.813939272581486,"k__Fungi;p__Chytridiomycota;c__Neocallimastigomycetes;o__Neocallimastigales;f__Neocallimastigaceae;g__Caecomyces;s__Caecomyces_communis;","0.0265439837679789","0.0712731230585771","0.0017303836609008","0.0037473832185548"
"209","B2yr_A1yr",0.014315458684085,"Otu00005",0.025275767726993,0.0814441404536443,"k__Fungi;p__Chytridiomycota;c__Neocallimastigomycetes;o__Neocallimastigales;f__Neocallimastigaceae;g__Piromyces;s__Piromyces_sp_I_GRL_10;","0.0091776798825257","0.0317924157042745","0.0188253467464543","0.0195926137635925"
"210","B2yr_A1yr",0.014261052148723,"Otu00006",0.0791091270026434,0.194121627029564,"k__Fungi;p__Chytridiomycota;c__Neocallimastigomycetes;o__Neocallimastigales;f__Neocallimastigaceae;unclassified;unclassified;","0.029785986147765","0.028473534798558","0.00847415333464294","0.00912880683918733"
"211","B2yr_A1yr",0.013416358198019,"Otu00012",0.215329406562306,0.399360934263811,"k__Fungi;p__Chytridiomycota;c__Neocallimastigomycetes;o__Neocallimastigales;f__Neocallimastigaceae;g__Caecomyces;unclassified;","0.0212797619047619","0.060728143843267","0.00527236057068184","0.0068157916343516"
"212","B2yr_A1yr",0.012453358509893,"Otu00022",0.00629077997509465,0.0254020102791797,"k__Fungi;p__Chytridiomycota;c__Neocallimastigomycetes;o__Neocallimastigales;f__Neocallimastigaceae;g__Orpinomyces;unclassified;","0","0","0.0210463392364784","0.0336089826371797"
"213","B2yr_A1yr",0.012336879075905,"Otu00045",0.317310507862905,0.458018334879035,"k__Fungi;unclassified;unclassified;unclassified;unclassified;unclassified;unclassified;","0.0235247208931419","0.0814920236415979","0","0"
"214","B2yr_A1yr",0.0110093135286901,"Otu00039",0.0146888606884869,0.0510805265140809,"k__Fungi;unclassified;unclassified;unclassified;unclassified;unclassified;unclassified;","0.0208527768602709","0.0531383675566584","0","0"
"215","B2yr_A1yr",0.010266493717495,"Otu00023",0.0328692343006587,0.0953207794719104,"k__Fungi;p__Chytridiomycota;c__Neocallimastigomycetes;o__Neocallimastigales;f__Neocallimastigaceae;g__Orpinomyces;unclassified;","0","0","0.0174389573803327","0.0339135593011887"
"216","B2yr_A2yr",0.0756581948361125,"Otu00017",0.582704123712492,0.696189571027285,"k__Fungi;unclassified;unclassified;unclassified;unclassified;unclassified;unclassified;","0.145239699419238","0.118651532851863","0.176906914997461","0.117376009274722"
"217","B2yr_A2yr",0.0624518590899855,"Otu00004",0.205599281595867,0.388083851059654,"k__Fungi;p__Chytridiomycota;c__Neocallimastigomycetes;o__Neocallimastigales;f__Neocallimastigaceae;g__Caecomyces;s__Caecomyces_communis;","0.0799403488533634","0.10302999141844","0.0497609925526616","0.110523527009325"
"218","B2yr_A2yr",0.040344186987721,"Otu00006",0.660825550466545,0.766557638541192,"k__Fungi;p__Chytridiomycota;c__Neocallimastigomycetes;o__Neocallimastigales;f__Neocallimastigaceae;unclassified;unclassified;","0.029785986147765","0.028473534798558","0.0641695629083528","0.0937629435209715"
"219","B2yr_A2yr",0.035759877053087,"Otu00001",0.31412277266946,0.458018334879035,"k__Fungi;p__Chytridiomycota;c__Neocallimastigomycetes;o__Neocallimastigales;f__Neocallimastigaceae;g__Caecomyces;s__Caecomyces_communis;","0.0280226215305528","0.0397318609705678","0.0365899605842801","0.0973604180166694"
"220","B2yr_A2yr",0.033877162096775,"Otu00003",0.0328692343006587,0.0953207794719104,"k__Fungi;p__Chytridiomycota;c__Neocallimastigomycetes;o__Neocallimastigales;f__Neocallimastigaceae;unclassified;unclassified;","0.0518577253300956","0.108874439759477","0","0"
"221","B2yr_A2yr",0.030284098112619,"Otu00039",1,1,"k__Fungi;unclassified;unclassified;unclassified;unclassified;unclassified;unclassified;","0.0208527768602709","0.0531383675566584","0.0385511207370737","0.0705203341230286"
"222","B2yr_A2yr",0.020051145569981,"Otu00002",0.790612946003989,0.857773494850843,"k__Fungi;p__Chytridiomycota;c__Neocallimastigomycetes;o__Neocallimastigales;f__Neocallimastigaceae;g__Caecomyces;s__Caecomyces_communis;","0.021823339531913","0.0372455819165196","0.0200232652946469","0.0345164737829318"
"223","B2yr_A2yr",0.019459768088855,"Otu00041",0.974273813217692,0.986645544179186,"k__Fungi;unclassified;unclassified;unclassified;unclassified;unclassified;unclassified;","0.0233113687567677","0.0366794898308843","0.0225098845667876","0.0339851732662537"
"224","B2yr_A2yr",0.018156304058829,"Otu00048",0.615535146596057,0.724559822007904,"k__Fungi;p__Chytridiomycota;c__Neocallimastigomycetes;o__Neocallimastigales;f__Neocallimastigaceae;g__Orpinomyces;unclassified;","0.0151143790849673","0.0523577450000396","0.01707995951417","0.0404651936042758"
"225","B2yr_A2yr",0.016562657581237,"Otu00029",0.0706255684331111,0.176772706811299,"k__Fungi;p__Chytridiomycota;c__Neocallimastigomycetes;o__Neocallimastigales;f__Neocallimastigaceae;g__Caecomyces;s__Caecomyces_communis;","0.0265439837679789","0.0712731230585771","0","0"
"226","B2yr_A2yr",0.015385203722641,"Otu00044",0.614391891843015,0.724559822007904,"k__Fungi;unclassified;unclassified;unclassified;unclassified;unclassified;unclassified;","0.0130979732732764","0.0277624001530969","0.0205388322809032","0.0313982170111912"
"227","B2yr_A2yr",0.014643892244725,"Otu00045",0.317310507862905,0.458018334879035,"k__Fungi;unclassified;unclassified;unclassified;unclassified;unclassified;unclassified;","0.0235247208931419","0.0814920236415979","0","0"
"228","B2yr_A2yr",0.014165182732285,"Otu00019",0.266443509146123,0.422863081679667,"k__Fungi;p__Chytridiomycota;c__Neocallimastigomycetes;o__Neocallimastigales;f__Neocallimastigaceae;unclassified;unclassified;","0.0032520325203252","0.011265371106139","0.021111219395618","0.0500611302945655"
"229","B2yr_A2yr",0.013434226830025,"Otu00012",0.148561774891867,0.300978670308941,"k__Fungi;p__Chytridiomycota;c__Neocallimastigomycetes;o__Neocallimastigales;f__Neocallimastigaceae;g__Caecomyces;unclassified;","0.0212797619047619","0.060728143843267","0","0"
"230","B2yr_A2yr",0.012098380341918,"Otu00072",0.858875011266785,0.904228147175262,"k__Fungi;unclassified;unclassified;unclassified;unclassified;unclassified;unclassified;","0.00706661169140553","0.0202935543119888","0.0152767497327083","0.0357113979030298"
"231","B2yr_A2yr",0.01153492609594,"Otu00065",0.350570300676315,0.489495571448682,"k__Fungi;unclassified;unclassified;unclassified;unclassified;unclassified;unclassified;","0.00885744363194419","0.0238571582791725","0.0119047619047619","0.0412393049421161"
"232","B2yr_A2yr",0.011416445252832,"Otu00018",0.317310507862905,0.458018334879035,"k__Fungi;p__Chytridiomycota;c__Neocallimastigomycetes;o__Neocallimastigales;f__Neocallimastigaceae;g__Orpinomyces;s__Orpinomyces_sp_2_SSD_2011;","0.0176211453744493","0.0610414381522071","0","0"
"233","B2yr_A2yr",0.010429172865191,"Otu00088",0.230064283265543,0.399898849483755,"k__Fungi;unclassified;unclassified;unclassified;unclassified;unclassified;unclassified;","0.0167626680613372","0.0313774120240062","0.000434027777777778","0.00150351632601465"
"234","B2yr_A2yr",0.01037736444654,"Otu00061",0.266443509146123,0.422863081679667,"k__Fungi;p__Chytridiomycota;c__Neocallimastigomycetes;o__Neocallimastigales;f__Neocallimastigaceae;g__Caecomyces;s__Caecomyces_communis;","0.00344036697247706","0.0119177807860244","0.0152202600067699","0.0351440736751249"
"235","B2yr_A2yr",0.010066537148155,"Otu00090",0.350570300676315,0.489495571448682,"k__Fungi;unclassified;unclassified;unclassified;unclassified;unclassified;unclassified;","0.00726198525387166","0.0150425912182851","0.0103174603174603","0.035740730949834"
"236","B2yr_C2yr",0.0898117077070177,"Otu00003",0.144713905670705,0.295921384031761,"k__Fungi;p__Chytridiomycota;c__Neocallimastigomycetes;o__Neocallimastigales;f__Neocallimastigaceae;unclassified;unclassified;","0.0518577253300956","0.108874439759477","0.132527484205898","0.222912264552601"
"237","B2yr_C2yr",0.0830169109126563,"Otu00004",0.52248547920179,0.643524586352784,"k__Fungi;p__Chytridiomycota;c__Neocallimastigomycetes;o__Neocallimastigales;f__Neocallimastigaceae;g__Caecomyces;s__Caecomyces_communis;","0.0799403488533634","0.10302999141844","0.0925248063704394","0.205589044249911"
"238","B2yr_C2yr",0.073390503908419,"Otu00017",0.13240940174909,0.276083104647283,"k__Fungi;unclassified;unclassified;unclassified;unclassified;unclassified;unclassified;","0.145239699419238","0.118651532851863","0.0624379907594406","0.0988695018022577"
"239","B2yr_C2yr",0.030848890237281,"Otu00039",0.336383590861845,0.479046274486289,"k__Fungi;unclassified;unclassified;unclassified;unclassified;unclassified;unclassified;","0.0208527768602709","0.0531383675566584","0.045994513049586","0.0784900314879999"
"240","B2yr_C2yr",0.028048998374868,"Otu00045",0.88909982828148,0.922303621919986,"k__Fungi;unclassified;unclassified;unclassified;unclassified;unclassified;unclassified;","0.0235247208931419","0.0814920236415979","0.032312925170068","0.0969387755102041"
"241","B2yr_C2yr",0.027910188476068,"Otu00001",0.212083813789531,0.39564173449626,"k__Fungi;p__Chytridiomycota;c__Neocallimastigomycetes;o__Neocallimastigales;f__Neocallimastigaceae;g__Caecomyces;s__Caecomyces_communis;","0.0280226215305528","0.0397318609705678","0.0244897959183673","0.073469387755102"
"242","B2yr_C2yr",0.024569310150011,"Otu00006",0.74712779267413,0.824684310944801,"k__Fungi;p__Chytridiomycota;c__Neocallimastigomycetes;o__Neocallimastigales;f__Neocallimastigaceae;unclassified;unclassified;","0.029785986147765","0.028473534798558","0.0395843497112674","0.0510644230994884"
"243","B2yr_C2yr",0.022794941615117,"Otu00067",0.248213078989917,0.399898849483755,"k__Fungi;p__Chytridiomycota;c__Neocallimastigomycetes;o__Neocallimastigales;f__Neocallimastigaceae;g__Cyllamyces;s__Cyllamyces_sp_AF_CTS_CHCy1;","0","0","0.0368870895186685","0.110661268556005"
"244","B2yr_C2yr",0.021632446125646,"Otu00029",0.468125771802324,0.594948690059527,"k__Fungi;p__Chytridiomycota;c__Neocallimastigomycetes;o__Neocallimastigales;f__Neocallimastigaceae;g__Caecomyces;s__Caecomyces_communis;","0.0265439837679789","0.0712731230585771","0.0149110149110149","0.0447330447330447"
"245","B2yr_C2yr",0.020620786810284,"Otu00048",0.381395294782282,0.515530080659101,"k__Fungi;p__Chytridiomycota;c__Neocallimastigomycetes;o__Neocallimastigales;f__Neocallimastigaceae;g__Orpinomyces;unclassified;","0.0151143790849673","0.0523577450000396","0.0244523225161349","0.0541010383778764"
"246","B2yr_C2yr",0.019303603197118,"Otu00016",0.248213078989917,0.399898849483755,"k__Fungi;p__Chytridiomycota;c__Neocallimastigomycetes;o__Neocallimastigales;f__Neocallimastigaceae;g__Piromyces;s__Piromyces_sp_D_GRL_5;","0","0","0.0337019483938915","0.101105845181675"
"247","B2yr_C2yr",0.015658583193537,"Otu00002",0.373561805020236,0.509257332484851,"k__Fungi;p__Chytridiomycota;c__Neocallimastigomycetes;o__Neocallimastigales;f__Neocallimastigaceae;g__Caecomyces;s__Caecomyces_communis;","0.021823339531913","0.0372455819165196","0.0107537964680822","0.0270477845925235"
"248","B2yr_C2yr",0.015599171140636,"Otu00089",0.0942643068412091,0.221105249134895,"k__Fungi;p__Chytridiomycota;c__Neocallimastigomycetes;o__Neocallimastigales;f__Neocallimastigaceae;unclassified;unclassified;","0","0","0.0261343594676928","0.0746899430256149"
"249","B2yr_C2yr",0.014675349509673,"Otu00096",0.248213078989917,0.399898849483755,"k__Fungi;unclassified;unclassified;unclassified;unclassified;unclassified;unclassified;","0","0","0.0254413291796469","0.0763239875389408"
"250","B2yr_C2yr",0.013506236839704,"Otu00041",0.129904048622748,0.274433056361964,"k__Fungi;unclassified;unclassified;unclassified;unclassified;unclassified;unclassified;","0.0233113687567677","0.0366794898308843","0.00396825396825397","0.0119047619047619"
"251","B2yr_C2yr",0.0134157099478861,"Otu00012",0.640613092239241,0.745823271621599,"k__Fungi;p__Chytridiomycota;c__Neocallimastigomycetes;o__Neocallimastigales;f__Neocallimastigaceae;g__Caecomyces;unclassified;","0.0212797619047619","0.060728143843267","0.00345423143350604","0.0103626943005181"
"252","B2yr_C2yr",0.0122973141718909,"Otu00062",0.853821074409057,0.904228147175262,"k__Fungi;unclassified;unclassified;unclassified;unclassified;unclassified;unclassified;","0.00885381189850302","0.0104938029568198","0.0186252398800147","0.0360374286243289"
"253","B2yr_C2yr",0.010845941524854,"Otu00018",0.88909982828148,0.922303621919986,"k__Fungi;p__Chytridiomycota;c__Neocallimastigomycetes;o__Neocallimastigales;f__Neocallimastigaceae;g__Orpinomyces;s__Orpinomyces_sp_2_SSD_2011;","0.0176211453744493","0.0610414381522071","0.00112233445566779","0.00336700336700337"
"254","B2yr_C2yr",0.010563509528957,"Otu00064",0.248213078989917,0.399898849483755,"k__Fungi;p__Chytridiomycota;c__Neocallimastigomycetes;o__Neocallimastigales;f__Neocallimastigaceae;g__Orpinomyces;s__Orpinomyces_sp_2_SSD_2011;","0","0","0.0170940170940171","0.0512820512820513"
"255","B2yr_C2yr",0.010077718743948,"Otu00050",0.722934536444598,0.81287931894126,"k__Fungi;unclassified;unclassified;unclassified;unclassified;unclassified;unclassified;","0.00996656363708","0.0143521904128434","0.0125853952120438","0.0227971839290286"
"256","A1yr_A2yr",0.115160366026019,"Otu00001",0.000840389328340648,0.0062253100859301,"k__Fungi;p__Chytridiomycota;c__Neocallimastigomycetes;o__Neocallimastigales;f__Neocallimastigaceae;g__Caecomyces;s__Caecomyces_communis;","0.205809760028356","0.133010936802158","0.0365899605842801","0.0973604180166694"
"257","A1yr_A2yr",0.08569779519837,"Otu00017",0.00389851880174449,0.0182886396728896,"k__Fungi;unclassified;unclassified;unclassified;unclassified;unclassified;unclassified;","0.0388991900110709","0.108467709303938","0.176906914997461","0.117376009274722"
"258","A1yr_A2yr",0.074767765092385,"Otu00002",0.00224199795431037,0.0125473218846493,"k__Fungi;p__Chytridiomycota;c__Neocallimastigomycetes;o__Neocallimastigales;f__Neocallimastigaceae;g__Caecomyces;s__Caecomyces_communis;","0.135893320863342","0.0947843138930107","0.0200232652946469","0.0345164737829318"
"259","A1yr_A2yr",0.062325694989698,"Otu00007",0.000107976374099286,0.00194682811470211,"k__Fungi;p__Chytridiomycota;c__Neocallimastigomycetes;o__Neocallimastigales;f__Neocallimastigaceae;g__Caecomyces;s__Caecomyces_communis;","0.105917462204987","0.0965742600908425","0","0"
"260","A1yr_A2yr",0.037194254451117,"Otu00008",0.00252070145912691,0.0131820289419916,"k__Fungi;p__Chytridiomycota;c__Neocallimastigomycetes;o__Neocallimastigales;f__Neocallimastigaceae;g__Orpinomyces;unclassified;","0.0626403805251076","0.0987278502686486","0","0"
"261","A1yr_A2yr",0.032838908799569,"Otu00006",0.217066569961055,0.399898849483755,"k__Fungi;p__Chytridiomycota;c__Neocallimastigomycetes;o__Neocallimastigales;f__Neocallimastigaceae;unclassified;unclassified;","0.00847415333464294","0.00912880683918733","0.0641695629083528","0.0937629435209715"
"262","A1yr_A2yr",0.0321181727313331,"Otu00004",0.423051211894777,0.555363525079974,"k__Fungi;p__Chytridiomycota;c__Neocallimastigomycetes;o__Neocallimastigales;f__Neocallimastigaceae;g__Caecomyces;s__Caecomyces_communis;","0.0282104760137411","0.0304607606068664","0.0497609925526616","0.110523527009325"
"263","A1yr_A2yr",0.022958652011652,"Otu00013",0.000336459266611927,0.00383323235890017,"k__Fungi;p__Chytridiomycota;c__Neocallimastigomycetes;o__Neocallimastigales;f__Neocallimastigaceae;unclassified;unclassified;","0.0390770532808858","0.0385006825317836","0","0"
"264","A1yr_A2yr",0.01948441376975,"Otu00039",0.0328692343006587,0.0953207794719104,"k__Fungi;unclassified;unclassified;unclassified;unclassified;unclassified;unclassified;","0","0","0.0385511207370737","0.0705203341230286"
"265","A1yr_A2yr",0.018655413558476,"Otu00018",0.0706255684331111,0.176772706811299,"k__Fungi;p__Chytridiomycota;c__Neocallimastigomycetes;o__Neocallimastigales;f__Neocallimastigaceae;g__Orpinomyces;s__Orpinomyces_sp_2_SSD_2011;","0.0315009821355928","0.0878525875508522","0","0"
"266","A1yr_A2yr",0.017040376524011,"Otu00010",0.000108911324619787,0.00194682811470211,"k__Fungi;p__Chytridiomycota;c__Neocallimastigomycetes;o__Neocallimastigales;f__Neocallimastigaceae;unclassified;unclassified;","0.0288124881588651","0.0285673973074785","0","0"
"267","A1yr_A2yr",0.0164130416840099,"Otu00009",0.0146888606884869,0.0510805265140809,"k__Fungi;p__Chytridiomycota;c__Neocallimastigomycetes;o__Neocallimastigales;f__Neocallimastigaceae;g__Cyllamyces;s__Cyllamyces_aberensis;","0.0277335102884963","0.0495117204070327","0","0"
"268","A1yr_A2yr",0.016380983736932,"Otu00022",0.0522991787277925,0.140196958102234,"k__Fungi;p__Chytridiomycota;c__Neocallimastigomycetes;o__Neocallimastigales;f__Neocallimastigaceae;g__Orpinomyces;unclassified;","0.0210463392364784","0.0336089826371797","0.0115079365079365","0.0398646614440456"
"269","A1yr_A2yr",0.015801277440578,"Otu00027",0.0704404292720883,0.176772706811299,"k__Fungi;p__Chytridiomycota;c__Neocallimastigomycetes;o__Neocallimastigales;f__Neocallimastigaceae;g__Cyllamyces;unclassified;","0.0267134192023974","0.0896095413719673","0","0"
"270","A1yr_A2yr",0.0151367359854681,"Otu00041",0.102732873766742,0.230787230504159,"k__Fungi;unclassified;unclassified;unclassified;unclassified;unclassified;unclassified;","0.0112847222222222","0.0390914244763809","0.0225098845667876","0.0339851732662537"
"271","A1yr_A2yr",0.011427276020811,"Otu00044",0.143372932769843,0.295070745506967,"k__Fungi;unclassified;unclassified;unclassified;unclassified;unclassified;unclassified;","0.00564236111111111","0.0195457122381905","0.0205388322809032","0.0313982170111912"
"272","A1yr_A2yr",0.011111070480073,"Otu00005",0.00252070145912691,0.0131820289419916,"k__Fungi;p__Chytridiomycota;c__Neocallimastigomycetes;o__Neocallimastigales;f__Neocallimastigaceae;g__Piromyces;s__Piromyces_sp_I_GRL_10;","0.0188253467464543","0.0195926137635925","0","0"
"273","A1yr_A2yr",0.0111021386269891,"Otu00019",0.0706255684331111,0.176772706811299,"k__Fungi;p__Chytridiomycota;c__Neocallimastigomycetes;o__Neocallimastigales;f__Neocallimastigaceae;unclassified;unclassified;","0","0","0.021111219395618","0.0500611302945655"
"274","A1yr_A2yr",0.010320619620878,"Otu00003",0.00032464844663287,0.00383323235890017,"k__Fungi;p__Chytridiomycota;c__Neocallimastigomycetes;o__Neocallimastigales;f__Neocallimastigaceae;unclassified;unclassified;","0.0175357857869169","0.0159471451366184","0","0"
"275","A1yr_A2yr",0.010291869749179,"Otu00023",0.0328692343006587,0.0953207794719104,"k__Fungi;p__Chytridiomycota;c__Neocallimastigomycetes;o__Neocallimastigales;f__Neocallimastigaceae;g__Orpinomyces;unclassified;","0.0174389573803327","0.0339135593011887","0","0"
"276","A1yr_C2yr",0.1099318543967,"Otu00001",0.00146069986529579,0.00862894920424735,"k__Fungi;p__Chytridiomycota;c__Neocallimastigomycetes;o__Neocallimastigales;f__Neocallimastigaceae;g__Caecomyces;s__Caecomyces_communis;","0.205809760028356","0.133010936802158","0.0244897959183673","0.073469387755102"
"277","A1yr_C2yr",0.073385968018953,"Otu00002",0.0024104467647951,0.0131820289419916,"k__Fungi;p__Chytridiomycota;c__Neocallimastigomycetes;o__Neocallimastigales;f__Neocallimastigaceae;g__Caecomyces;s__Caecomyces_communis;","0.135893320863342","0.0947843138930107","0.0107537964680822","0.0270477845925235"
"278","A1yr_C2yr",0.068265584439254,"Otu00003",0.15957374048825,0.316174057240695,"k__Fungi;p__Chytridiomycota;c__Neocallimastigomycetes;o__Neocallimastigales;f__Neocallimastigaceae;unclassified;unclassified;","0.0175357857869169","0.0159471451366184","0.132527484205898","0.222912264552601"
"279","A1yr_C2yr",0.059313672169958,"Otu00007",0.00054119529314391,0.00502432637646652,"k__Fungi;p__Chytridiomycota;c__Neocallimastigomycetes;o__Neocallimastigales;f__Neocallimastigaceae;g__Caecomyces;s__Caecomyces_communis;","0.105917462204987","0.0965742600908425","0","0"
"280","A1yr_C2yr",0.057047328754173,"Otu00004",0.231800806656482,0.399898849483755,"k__Fungi;p__Chytridiomycota;c__Neocallimastigomycetes;o__Neocallimastigales;f__Neocallimastigaceae;g__Caecomyces;s__Caecomyces_communis;","0.0282104760137411","0.0304607606068664","0.0925248063704394","0.205589044249911"
"281","A1yr_C2yr",0.040897467685413,"Otu00017",0.684077495560088,0.785321119271556,"k__Fungi;unclassified;unclassified;unclassified;unclassified;unclassified;unclassified;","0.0388991900110709","0.108467709303938","0.0624379907594406","0.0988695018022577"
"282","A1yr_C2yr",0.035407506657915,"Otu00008",0.00759723857342269,0.0299199889496523,"k__Fungi;p__Chytridiomycota;c__Neocallimastigomycetes;o__Neocallimastigales;f__Neocallimastigaceae;g__Orpinomyces;unclassified;","0.0626403805251076","0.0987278502686486","0","0"
"283","A1yr_C2yr",0.023084844529652,"Otu00039",0.00433103918236331,0.0191889097107486,"k__Fungi;unclassified;unclassified;unclassified;unclassified;unclassified;unclassified;","0","0","0.045994513049586","0.0784900314879999"
"284","A1yr_C2yr",0.021042696081288,"Otu00013",0.0177889761816486,0.0597335094941674,"k__Fungi;p__Chytridiomycota;c__Neocallimastigomycetes;o__Neocallimastigales;f__Neocallimastigaceae;unclassified;unclassified;","0.0390770532808858","0.0385006825317836","0.00674309446239271","0.0143090886388458"
"285","A1yr_C2yr",0.020354345146404,"Otu00067",0.248213078989917,0.399898849483755,"k__Fungi;p__Chytridiomycota;c__Neocallimastigomycetes;o__Neocallimastigales;f__Neocallimastigaceae;g__Cyllamyces;s__Cyllamyces_sp_AF_CTS_CHCy1;","0","0","0.0368870895186685","0.110661268556005"
"286","A1yr_C2yr",0.019873788909119,"Otu00006",0.149277361430434,0.300978670308941,"k__Fungi;p__Chytridiomycota;c__Neocallimastigomycetes;o__Neocallimastigales;f__Neocallimastigaceae;unclassified;unclassified;","0.00847415333464294","0.00912880683918733","0.0395843497112674","0.0510644230994884"
"287","A1yr_C2yr",0.0189768006790471,"Otu00016",0.212083813789531,0.39564173449626,"k__Fungi;p__Chytridiomycota;c__Neocallimastigomycetes;o__Neocallimastigales;f__Neocallimastigaceae;g__Piromyces;s__Piromyces_sp_D_GRL_5;","0.00412805084552818","0.00656956566476313","0.0337019483938915","0.101105845181675"
"288","A1yr_C2yr",0.018037250368833,"Otu00018",0.350909427273642,0.489495571448682,"k__Fungi;p__Chytridiomycota;c__Neocallimastigomycetes;o__Neocallimastigales;f__Neocallimastigaceae;g__Orpinomyces;s__Orpinomyces_sp_2_SSD_2011;","0.0315009821355928","0.0878525875508522","0.00112233445566779","0.00336700336700337"
"289","A1yr_C2yr",0.016219546535434,"Otu00010",0.000546496060196072,0.00502432637646652,"k__Fungi;p__Chytridiomycota;c__Neocallimastigomycetes;o__Neocallimastigales;f__Neocallimastigaceae;unclassified;unclassified;","0.0288124881588651","0.0285673973074785","0","0"
"290","A1yr_C2yr",0.015825688276333,"Otu00045",0.248213078989917,0.399898849483755,"k__Fungi;unclassified;unclassified;unclassified;unclassified;unclassified;unclassified;","0","0","0.032312925170068","0.0969387755102041"
"291","A1yr_C2yr",0.0156227720273739,"Otu00009",0.0322752171427637,0.0953207794719104,"k__Fungi;p__Chytridiomycota;c__Neocallimastigomycetes;o__Neocallimastigales;f__Neocallimastigaceae;g__Cyllamyces;s__Cyllamyces_aberensis;","0.0277335102884963","0.0495117204070327","0","0"
"292","A1yr_C2yr",0.015040285134659,"Otu00027",0.114801864581133,0.253264223124575,"k__Fungi;p__Chytridiomycota;c__Neocallimastigomycetes;o__Neocallimastigales;f__Neocallimastigaceae;g__Cyllamyces;unclassified;","0.0267134192023974","0.0896095413719673","0","0"
"293","A1yr_C2yr",0.013904158004266,"Otu00089",0.0942643068412091,0.221105249134895,"k__Fungi;p__Chytridiomycota;c__Neocallimastigomycetes;o__Neocallimastigales;f__Neocallimastigaceae;unclassified;unclassified;","0","0","0.0261343594676928","0.0746899430256149"
"294","A1yr_C2yr",0.013253764646891,"Otu00048",0.321178622552998,0.459443859167742,"k__Fungi;p__Chytridiomycota;c__Neocallimastigomycetes;o__Neocallimastigales;f__Neocallimastigaceae;g__Orpinomyces;unclassified;","0.000700280112044818","0.0024258414671833","0.0244523225161349","0.0541010383778764"
"295","A1yr_C2yr",0.0130582491936,"Otu00096",0.248213078989917,0.399898849483755,"k__Fungi;unclassified;unclassified;unclassified;unclassified;unclassified;unclassified;","0","0","0.0254413291796469","0.0763239875389408"
"296","A1yr_C2yr",0.011882697864627,"Otu00022",0.0161569312611813,0.0548304369395406,"k__Fungi;p__Chytridiomycota;c__Neocallimastigomycetes;o__Neocallimastigales;f__Neocallimastigaceae;g__Orpinomyces;unclassified;","0.0210463392364784","0.0336089826371797","0","0"
"297","A1yr_C2yr",0.010819125318134,"Otu00064",0.532884027786798,0.651302700628309,"k__Fungi;p__Chytridiomycota;c__Neocallimastigomycetes;o__Neocallimastigales;f__Neocallimastigaceae;g__Orpinomyces;s__Orpinomyces_sp_2_SSD_2011;","0.00310803333679151","0.00562300639520694","0.0170940170940171","0.0512820512820513"
"298","A1yr_C2yr",0.010575127000542,"Otu00005",0.00759723857342269,0.0299199889496523,"k__Fungi;p__Chytridiomycota;c__Neocallimastigomycetes;o__Neocallimastigales;f__Neocallimastigaceae;g__Piromyces;s__Piromyces_sp_I_GRL_10;","0.0188253467464543","0.0195926137635925","0","0"
"299","A1yr_C2yr",0.010208380875838,"Otu00062",0.00967849185897827,0.0371980590724586,"k__Fungi;unclassified;unclassified;unclassified;unclassified;unclassified;unclassified;","0.00173611111111111","0.0060140653040586","0.0186252398800147","0.0360374286243289"
"300","A2yr_C2yr",0.0799274154490112,"Otu00017",0.0294994002282086,0.0941030867279855,"k__Fungi;unclassified;unclassified;unclassified;unclassified;unclassified;unclassified;","0.176906914997461","0.117376009274722","0.0624379907594406","0.0988695018022577"
"301","A2yr_C2yr",0.0798958748290108,"Otu00003",0.00134064111722948,0.00807043522277056,"k__Fungi;p__Chytridiomycota;c__Neocallimastigomycetes;o__Neocallimastigales;f__Neocallimastigaceae;unclassified;unclassified;","0","0","0.132527484205898","0.222912264552601"
"302","A2yr_C2yr",0.073418129229711,"Otu00004",0.968589356137838,0.984012753528568,"k__Fungi;p__Chytridiomycota;c__Neocallimastigomycetes;o__Neocallimastigales;f__Neocallimastigaceae;g__Caecomyces;s__Caecomyces_communis;","0.0497609925526616","0.110523527009325","0.0925248063704394","0.205589044249911"
"303","A2yr_C2yr",0.040814849198065,"Otu00006",0.913985899630572,0.937496790939397,"k__Fungi;p__Chytridiomycota;c__Neocallimastigomycetes;o__Neocallimastigales;f__Neocallimastigaceae;unclassified;unclassified;","0.0641695629083528","0.0937629435209715","0.0395843497112674","0.0510644230994884"
"304","A2yr_C2yr",0.035658768112105,"Otu00039",0.430959057171145,0.561126282602429,"k__Fungi;unclassified;unclassified;unclassified;unclassified;unclassified;unclassified;","0.0385511207370737","0.0705203341230286","0.045994513049586","0.0784900314879999"
"305","A2yr_C2yr",0.032771283986509,"Otu00001",0.72624014388169,0.81287931894126,"k__Fungi;p__Chytridiomycota;c__Neocallimastigomycetes;o__Neocallimastigales;f__Neocallimastigaceae;g__Caecomyces;s__Caecomyces_communis;","0.0365899605842801","0.0973604180166694","0.0244897959183673","0.073469387755102"
"306","A2yr_C2yr",0.022867965133077,"Otu00067",0.248213078989917,0.399898849483755,"k__Fungi;p__Chytridiomycota;c__Neocallimastigomycetes;o__Neocallimastigales;f__Neocallimastigaceae;g__Cyllamyces;s__Cyllamyces_sp_AF_CTS_CHCy1;","0","0","0.0368870895186685","0.110661268556005"
"307","A2yr_C2yr",0.021119348427746,"Otu00048",0.755844524489226,0.831428976938148,"k__Fungi;p__Chytridiomycota;c__Neocallimastigomycetes;o__Neocallimastigales;f__Neocallimastigaceae;g__Orpinomyces;unclassified;","0.01707995951417","0.0404651936042758","0.0244523225161349","0.0541010383778764"
"308","A2yr_C2yr",0.019395314842305,"Otu00016",0.248213078989917,0.399898849483755,"k__Fungi;p__Chytridiomycota;c__Neocallimastigomycetes;o__Neocallimastigales;f__Neocallimastigaceae;g__Piromyces;s__Piromyces_sp_D_GRL_5;","0","0","0.0337019483938915","0.101105845181675"
"309","A2yr_C2yr",0.017921318643754,"Otu00045",0.248213078989917,0.399898849483755,"k__Fungi;unclassified;unclassified;unclassified;unclassified;unclassified;unclassified;","0","0","0.032312925170068","0.0969387755102041"
"310","A2yr_C2yr",0.015660326249656,"Otu00089",0.0942643068412091,0.221105249134895,"k__Fungi;p__Chytridiomycota;c__Neocallimastigomycetes;o__Neocallimastigales;f__Neocallimastigaceae;unclassified;unclassified;","0","0","0.0261343594676928","0.0746899430256149"
"311","A2yr_C2yr",0.015601005268036,"Otu00096",0.780331794417399,0.852485761709419,"k__Fungi;unclassified;unclassified;unclassified;unclassified;unclassified;unclassified;","0.00200320512820513","0.00693930612006762","0.0254413291796469","0.0763239875389408"
"312","A2yr_C2yr",0.014916458168001,"Otu00002",0.532884027786798,0.651302700628309,"k__Fungi;p__Chytridiomycota;c__Neocallimastigomycetes;o__Neocallimastigales;f__Neocallimastigaceae;g__Caecomyces;s__Caecomyces_communis;","0.0200232652946469","0.0345164737829318","0.0107537964680822","0.0270477845925235"
"313","A2yr_C2yr",0.012855218004067,"Otu00044",0.273831573333793,0.428197411242549,"k__Fungi;unclassified;unclassified;unclassified;unclassified;unclassified;unclassified;","0.0205388322809032","0.0313982170111912","0.00805987334484744","0.0241796200345423"
"314","A2yr_C2yr",0.012663891062384,"Otu00041",0.129904048622748,0.274433056361964,"k__Fungi;unclassified;unclassified;unclassified;unclassified;unclassified;unclassified;","0.0225098845667876","0.0339851732662537","0.00396825396825397","0.0119047619047619"
"315","A2yr_C2yr",0.011905545359048,"Otu00019",0.115120101420262,0.253264223124575,"k__Fungi;p__Chytridiomycota;c__Neocallimastigomycetes;o__Neocallimastigales;f__Neocallimastigaceae;unclassified;unclassified;","0.021111219395618","0.0500611302945655","0","0"
"316","A2yr_C2yr",0.011554381602973,"Otu00050",0.18740119200172,0.362308971203326,"k__Fungi;unclassified;unclassified;unclassified;unclassified;unclassified;unclassified;","0.0155337588777195","0.0140710067460262","0.0125853952120438","0.0227971839290286"
"317","A2yr_C2yr",0.011436814544901,"Otu00062",0.288655389077985,0.446995481145034,"k__Fungi;unclassified;unclassified;unclassified;unclassified;unclassified;unclassified;","0.00446892563568812","0.00662135097873577","0.0186252398800147","0.0360374286243289"
"318","A2yr_C2yr",0.010597349695816,"Otu00064",0.248213078989917,0.399898849483755,"k__Fungi;p__Chytridiomycota;c__Neocallimastigomycetes;o__Neocallimastigales;f__Neocallimastigaceae;g__Orpinomyces;s__Orpinomyces_sp_2_SSD_2011;","0","0","0.0170940170940171","0.0512820512820513"
"319","A2yr_C2yr",0.010248511423693,"Otu00065",0.448081180668663,0.581048360297982,"k__Fungi;unclassified;unclassified;unclassified;unclassified;unclassified;unclassified;","0.0119047619047619","0.0412393049421161","0.00835904780184357","0.0167348980898498"
